"marker","cluster","BvsT1","T1vsT2","B_RvsNR","T1_RvsNR","T2_RvsNR","d_T1_B_RvsNR","d_T2_B_RvsNR","d_T2_T1_RvsNR","mean_d_T1_B_R","mean_d_T1_B_NR","mean_d_T2_B_R","mean_d_T2_B_NR","mean_d_T2_T1_R","mean_d_T2_T1_NR"
"ARG1","B","0.309","0.557","0.082","0.328","0.352","0.195","1","0.762","0.031","-0.111","0.031","0.051","-0.01","0.053"
"ARG1","Baso","0.014","0.557","0.13","0.958","0.257","0.14","1","0.257","0.025","-0.19","-0.109","-0.041","-0.174","0.039"
"ARG1","CD4_T","0.098","0.126","0.399","0.37","0.61","0.879","0.914","0.915","-0.063","-0.047","0.007","-0.003","0.045","0.038"
"ARG1","CD8_T","0.207","0.922","0.383","0.646","0.762","0.442","1","0.61","0.006","-0.063","-0.009","-0.011","-0.013","0.027"
"ARG1","cDC1","0.004","0.922","0.442","0.46","0.352","0.958","0.914","0.914","-0.125","-0.148","-0.142","-0.111","-0.002","0.021"
"ARG1","cDC2","0.404","0.16","0.328","0.574","0.762","0.082","0.352","0.476","0.051","-0.043","-0.061","-0.063","-0.137","-0.046"
"ARG1","DNT","0.669","0.129","0.743","0.827","0.413","0.827","0.413","0.413","0.219","-0.083","-0.151","-0.043","-0.475","-0.036"
"ARG1","DPT","0.174","0.695","0.442","0.442","0.476","0.721","0.61","0.61","-0.059","-0.06","0.003","0.04","0.034","0.066"
"ARG1","GMDSC","0.934","0.02","0.441","0.377","0.069","0.679","0.905","0.762","-0.007","-0.024","-0.07","-0.13","-0.1","-0.161"
"ARG1","MMDSC_I","0.535","0.02","0.506","0.827","0.476","0.51","0.762","0.73","0.13","0.014","-0.014","-0.006","-0.173","-0.135"
"ARG1","MMDSC_II","0.588","0.846","0.898","0.51","0.352","0.943","0.886","0.914","0.031","0.042","-0.019","0.009","-0.02","0.115"
"ARG1","MMDSC_III","0.378","0.922","0.195","0.442","0.352","0.383","0.914","0.762","0.082","0.037","0.065","0.185","-0.023","0.021"
"ARG1","Mono_I","0.353","0.232","0.879","0.916","0.171","0.646","0.352","0.114","0.107","0.112","-0.055","0.156","-0.217","-0.031"
"ARG1","Mono_II","0.379","1","0.827","0.234","1","0.827","0.914","0.257","-0.342","0.183","0.136","0.134","0.552","-0.245"
"ARG1","Mono_III","0.644","0.16","0.959","0.635","0.762","0.879","0.914","0.762","0.105","0.056","-0.027","0.02","-0.19","-0.111"
"ARG1","Neu","1","0.432","0.442","0.506","0.352","0.082","0.762","0.114","0.116","-0.091","-0.071","0.1","-0.225","0.067"
"ARG1","NK_like","0.121","0.557","0.506","0.646","0.762","0.383","1","0.352","-0.014","-0.073","-0.025","-0.011","-0.036","0.038"
"ARG1","pDC","0.453","0.557","0.279","0.442","0.476","1","0.61","0.914","-0.008","-0.002","0.001","-0.063","-0.047","-0.033"
"ARG1","UA","0.378","0.492","0.13","0.635","0.257","0.195","0.61","0.914","0.04","-0.179","-0.042","-0.148","-0.112","-0.012"
"CCR2","B","0.066","0.202","0.646","1","0.762","0.574","0.476","0.114","0.063","0.017","0.128","0.04","0.056","0.008"
"CCR2","Baso","0.381","0.01","0.506","0.104","0.114","0.037","0.114","0.476","0.178","-0.033","0.091","-0.195","-0.126","-0.177"
"CCR2","CD4_T","0.011","0.359","0.279","0.879","0.914","0.045","0.476","1","0.185","0.061","0.219","0.068","0.016","0.041"
"CCR2","CD8_T","0.207","0.286","0.506","0.879","1","0.646","0.476","0.114","0.056","0.027","0.063","0.046","0.001","0.043"
"CCR2","cDC1","0.579","0.193","0.328","0.574","0.476","0.646","0.257","1","0.26","-0.072","0.296","-0.093","-0.073","-0.053"
"CCR2","cDC2","0.378","0.557","0.442","0.646","0.61","0.104","0.171","0.914","-0.098","0.145","-0.06","0.077","0.008","0.028"
"CCR2","DNT","0.464","0.91","1","1","1","0.583","0.556","0.413","0.076","-0.225","-0.16","-0.002","-0.217","0.078"
"CCR2","DPT","0.076","0.625","0.646","0.442","0.114","0.13","0.114","0.114","0.062","0.15","0.275","0.026","0.179","-0.028"
"CCR2","GMDSC","0.359","0.846","0.913","0.115","0.476","0.371","0.73","0.019","0.154","-0.019","-0.007","-0.087","-0.245","0.142"
"CCR2","MMDSC_I","0.94","0.734","0.442","0.441","0.914","0.09","0.914","0.19","-0.171","0.046","-0.004","0.006","0.122","-0.047"
"CCR2","MMDSC_II","0.455","0.375","0.797","0.145","0.171","0.622","0.886","0.352","0.302","-0.063","-0.234","0.226","-0.59","-0.082"
"CCR2","MMDSC_III","0.644","0.232","0.879","0.574","0.114","0.879","0.61","0.067","0.08","0.039","0.045","0.048","-0.058","0.144"
"CCR2","Mono_I","0.89","0.193","0.721","0.195","0.914","0.279","0.914","0.762","-0.003","0.054","-0.052","0.005","-0.151","-0.041"
"CCR2","Mono_II","0.706","0.375","0.913","0.574","0.171","0.661","0.914","0.476","-0.02","0.061","0.001","0.177","-0.091","0.314"
"CCR2","Mono_III","0.758","0.432","0.442","0.721","0.257","0.234","0.171","0.476","-0.147","0.019","0.099","-0.079","0.144","0.007"
"CCR2","Neu","0.023","0.625","0.959","0.874","0.762","0.574","1","0.476","0.074","0.053","0.114","0.024","0.031","-0.019"
"CCR2","NK_like","0.132","0.554","0.752","0.874","0.762","0.328","1","0.914","0.045","0.03","0.057","0.012","0.001","0.008"
"CCR2","pDC","0.04","0.846","0.383","0.383","0.476","0.721","0.762","0.257","0.075","0.059","0.076","0.033","-0.039","0.019"
"CCR2","UA","0.963","0.492","0.646","0.399","0.257","0.506","0.067","0.762","-0.051","0.078","0.126","-0.05","0.108","0.023"
"CCR5","B","0.487","0.275","0.799","0.959","0.914","0.574","0.914","0.762","0.058","0.008","0.124","0.118","0.074","0.062"
"CCR5","Baso","0.132","0.084","0.383","0.064","0.762","0.279","1","0.914","0.111","-0.165","-0.232","-0.283","-0.386","-0.248"
"CCR5","CD4_T","0.005","0.105","0.721","0.328","0.762","0.027","0.762","0.61","0.392","0.119","0.51","0.397","0.124","0.292"
"CCR5","CD8_T","0.071","0.064","0.506","0.442","0.762","0.009","0.257","0.257","0.497","0.034","0.509","0.34","0.025","0.257"
"CCR5","cDC1","0.109","0.322","0.799","0.673","0.171","0.799","0.352","0.352","0.188","0.081","0.344","0.172","0.249","-0.004"
"CCR5","cDC2","0.243","0.695","0.429","0.646","0.476","0.574","0.352","0.914","0.047","0.134","0.11","0.027","0.008","0.005"
"CCR5","DNT","0.94","0.164","0.743","0.51","0.905","0.827","0.73","0.905","-0.11","-0.052","0.041","0.282","0.253","0.253"
"CCR5","DPT","0.004","0.124","0.721","0.195","0.61","0.104","0.476","0.61","0.392","0.166","0.323","0.338","-0.078","0.178"
"CCR5","GMDSC","0.007","0.77","0.377","0.827","0.762","0.165","0.905","0.914","0.578","0.32","0.533","0.182","-0.064","-0.048"
"CCR5","MMDSC_I","0.193","0.301","0.16","0.571","0.61","0.09","0.114","0.556","0.238","-0.008","0.312","0.166","0.112","0.057"
"CCR5","MMDSC_II","0.021","0.922","0.797","0.913","0.067","0.724","0.886","0.61","0.533","0.193","0.61","0.364","0.166","0.028"
"CCR5","MMDSC_III","0","0.922","0.721","0.879","0.352","0.442","0.61","0.914","0.588","0.424","0.523","0.4","-0.07","-0.007"
"CCR5","Mono_I","0.003","0.492","0.234","0.13","0.171","0.328","0.762","0.762","0.363","0.246","0.436","0.287","0.073","-0.004"
"CCR5","Mono_II","0.274","1","0.743","0.959","0.762","0.913","0.762","0.352","0.026","0.213","0.009","-0.111","0.094","-0.08"
"CCR5","Mono_III","0.007","1","0.46","0.493","0.915","0.048","0.257","0.915","0.305","0.107","0.291","0.213","0.006","0.068"
"CCR5","Neu","0.002","0.037","0.574","0.721","0.762","0.16","0.476","0.61","0.236","0.098","0.292","0.201","0.088","0.092"
"CCR5","NK_like","0.009","0.041","0.16","0.399","0.762","0.874","0.61","0.593","0.085","0.092","0.236","0.178","0.166","0.133"
"CCR5","pDC","0","0.492","0.493","0.792","0.914","1","1","0.914","0.384","0.38","0.294","0.399","-0.103","0.154"
"CCR5","UA","0.487","0.492","0.234","0.879","1","0.442","0.171","0.352","0.219","-0.08","0.299","-0.168","0.026","-0.185"
"CCR7","B","0.064","1","0.383","0.574","0.61","0.879","0.067","0.114","-0.079","-0.104","0.076","-0.359","0.134","-0.103"
"CCR7","Baso","0.061","0.557","0.383","0.792","0.134","0.279","1","0.171","0.005","-0.131","-0.166","-0.094","-0.182","0.028"
"CCR7","CD4_T","0.098","0.193","0.959","0.721","0.762","0.082","0.61","1","-0.262","-0.017","-0.395","-0.29","-0.144","-0.203"
"CCR7","CD8_T","0.925","0.625","0.721","0.082","0.914","0.035","0.61","0.171","-0.411","0.201","-0.247","-0.121","0.186","-0.127"
"CCR7","cDC1","0.064","0.695","0.646","0.574","0.171","0.234","1","1","-0.013","-0.22","-0.328","-0.304","-0.262","0.004"
"CCR7","cDC2","0.141","0.084","0.187","0.442","0.352","0.082","0.476","0.352","0.011","-0.147","0.026","-0.025","0.011","0.058"
"CCR7","DNT","0.495","0.359","0.51","0.377","0.413","0.743","1","0.905","0.008","0.08","0.047","-0.002","0.054","0.043"
"CCR7","DPT","0.517","0.846","0.383","0.279","0.914","0.037","0.61","0.476","-0.331","0.075","-0.253","-0.171","0.069","-0.104"
"CCR7","GMDSC","1","0.922","0.257","0.734","0.352","0.165","0.556","0.114","0.147","-0.094","0.028","-0.036","-0.108","0.103"
"CCR7","MMDSC_I","0.379","0.57","0.019","0.221","0.762","0.32","0.476","0.556","0.085","0.016","0.19","-0.015","0.116","0.044"
"CCR7","MMDSC_II","0.455","0.529","0.112","0.821","0.019","0.127","0.886","0.087","0.098","-0.113","-0.18","-0.023","-0.252","0.02"
"CCR7","MMDSC_III","0.028","0.114","0.799","0.752","0.476","0.442","0.914","0.352","0.003","-0.07","0.06","0.049","0.055","0.11"
"CCR7","Mono_I","0.027","0.77","1","0.721","0.476","0.442","0.171","1","-0.231","-0.127","-0.343","-0.093","-0.102","-0.029"
"CCR7","Mono_II","0.171","0.492","0.91","0.16","0.352","0.821","0.392","0.257","-0.124","-0.035","0.03","-0.128","0.177","-0.08"
"CCR7","Mono_III","0.854","0.322","0.506","0.234","0.171","0.646","0.914","0.61","-0.016","-0.08","-0.016","0.033","0.018","0.08"
"CCR7","Neu","0.548","0.846","0.646","0.018","0.61","0.104","0.114","0.171","-0.455","0.052","-0.087","-0.292","0.419","-0.182"
"CCR7","NK_like","0.906","0.625","0.646","0.316","0.352","0.673","0.476","0.914","-0.006","-0.041","0.014","0.037","0.03","0.047"
"CCR7","pDC","0.854","0.193","0.879","0.279","0.476","0.279","1","0.476","0.085","-0.067","0.081","0.155","0.018","0.217"
"CCR7","UA","1","0.232","0.13","0.752","0.762","0.442","0.257","0.762","0.062","-0.151","0.076","-0.218","0","-0.208"
"CD103","B","0.115","0.507","0.832","0.137","1","0.034","0.352","0.831","0.004","0","0.012","0.004","0.008","0.003"
"CD103","Baso","0.13","0.308","0.102","0.635","0.61","0.673","1","0.24","0.005","0.025","0.015","0.012","0.011","-0.04"
"CD103","CD4_T","0.955","0.722","0.635","0.101","0.914","0.02","1","0.114","0.012","-0.005","0.005","0.005","-0.007","0.007"
"CD103","CD8_T","0.162","0.084","0.833","0.597","0.61","0.833","0.762","0.762","0.005","0.008","0.045","0.036","0.04","0.035"
"CD103","cDC1","0.028","0.275","0.792","0.04","0.762","0.048","0.748","0.61","0.081","0.016","0.001","0.02","-0.072","-0.01"
"CD103","cDC2","0.074","0.022","0.14","0.14","0.762","0.752","0.476","0.476","0.019","0.018","-0.02","-0.001","-0.038","-0.017"
"CD103","DNT","0.623","0.734","0.174","0.955","0.905","0.533","1","0.905","0.002","-0.008","0.02","0.009","0.014","0.01"
"CD103","DPT","0.979","0.492","0.712","0.154","0.61","0.916","0.352","0.476","0.001","-0.005","0.004","0.035","0.003","0.03"
"CD103","GMDSC","0.95","0.557","0.32","0.267","0.762","0.254","0.905","0.257","0.036","-0.054","0.014","0","0.003","-0.189"
"CD103","MMDSC_I","0.423","0.25","0.37","0.18","0.476","0.496","0.915","1","0.011","0.029","-0.002","-0.01","-0.01","-0.009"
"CD103","MMDSC_II","0.017","0.232","0.548","0.019","0.521","0.093","0.343","0.61","0.111","0.019","0.034","-0.025","-0.034","-0.019"
"CD103","MMDSC_III","0","0.105","0.224","0.225","0.24","0.279","0.257","0.914","0.053","0.017","0.013","0.003","-0.009","-0.008"
"CD103","Mono_I","0.065","0.636","0.13","0.048","0.257","0.493","0.61","0.762","0.024","0.017","0.009","0.018","-0.013","0"
"CD103","Mono_II","0.485","0.241","1","0.429","0.171","0.692","0.257","1","0.211","-0.028","0.066","-0.11","-0.196","-0.031"
"CD103","Mono_III","0.435","0.213","0.065","0.023","0.163","0.752","0.476","0.392","0.006","0.001","-0.005","-0.002","-0.011","-0.002"
"CD103","Neu","0.031","0.407","0.341","0.369","0.476","0.958","0.476","0.61","0.007","0.007","0.001","0.007","-0.004","0"
"CD103","NK_like","0.088","0.878","0.287","0.673","0.257","0.672","0.04","0.257","0.002","0.002","-0.002","0.013","-0.002","0.012"
"CD103","pDC","0.007","0.636","0.006","0.008","0.24","0.225","0.762","0.257","0.03","0.007","0.009","0.013","-0.008","0.004"
"CD103","UA","0.579","0.275","0.879","0.721","1","0.799","0.61","0.914","-0.01","-0.068","-0.039","-0.036","-0.017","-0.009"
"CD116","B","0.712","0.846","0.721","0.328","0.199","0.574","0.114","0.61","0.036","-0.04","0.181","0.013","0.138","0.001"
"CD116","Baso","0.145","0.049","0.195","0.195","0.476","0.959","0.61","0.762","-0.157","-0.156","-0.421","-0.271","-0.288","-0.23"
"CD116","CD4_T","0.831","0.906","0.506","0.234","0.762","0.002","0.762","0.352","0.069","-0.019","0.085","0.03","0.004","0.025"
"CD116","CD8_T","0.887","0.375","0.399","0.527","1","0.058","0.669","0.476","0.037","-0.022","0.1","0.027","0.053","0.033"
"CD116","cDC1","0.353","0.492","1","0.879","0.476","0.383","0.914","0.762","-0.03","-0.058","0.12","-0.032","0.165","-0.026"
"CD116","cDC2","0.12","0.322","0.959","0.279","0.171","0.959","0.762","0.352","-0.129","-0.149","-0.034","-0.234","0.044","-0.214"
"CD116","DNT","0.597","0.496","0.583","0.661","0.73","0.583","0.905","1","0.014","-0.052","0.096","0.02","0.112","0.017"
"CD116","DPT","0.818","0.375","0.799","0.879","0.914","0.328","0.914","0.914","-0.052","0.04","-0.061","0.06","-0.016","-0.012"
"CD116","GMDSC","0.083","0.846","0.661","0.308","0.914","0.44","0.905","0.61","0.152","0.146","0.118","-0.018","-0.066","0.025"
"CD116","MMDSC_I","0.821","0.138","0.383","0.821","0.352","0.913","0.914","0.73","-0.015","0.055","0.008","-0.071","-0.04","-0.281"
"CD116","MMDSC_II","0.216","0.193","0.518","0.583","0.762","0.435","0.486","0.61","0.068","-0.05","-0.02","0.05","-0.077","-0.278"
"CD116","MMDSC_III","0.747","0.557","0.506","0.721","0.352","0.721","0.476","0.257","-0.003","0.096","0.093","-0.049","0.092","-0.12"
"CD116","Mono_I","0.579","0.084","0.383","0.234","0.067","0.879","1","0.762","0.055","0.037","-0.008","-0.049","-0.091","-0.189"
"CD116","Mono_II","0.632","0.275","0.583","0.383","0.476","0.221","0.476","0.114","-0.271","0.097","-0.157","-0.275","0.115","-0.344"
"CD116","Mono_III","0.579","0.084","0.195","0.328","0.038","0.799","0.61","0.476","-0.01","0.115","0.036","-0.159","-0.038","-0.272"
"CD116","Neu","0.85","1","0.234","0.635","0.762","0.027","0.762","0.257","0.074","-0.032","0.067","0.029","-0.018","0.015"
"CD116","NK_like","0.298","0.284","0.799","0.635","0.476","0.13","0.762","0.257","0.017","-0.018","0.04","0.022","0.022","0.024"
"CD116","pDC","0.132","0.77","0.383","0.721","0.762","0.799","0.914","0.914","0.032","0.08","-0.008","0.059","-0.068","-0.001"
"CD116","UA","0.243","0.695","0.646","0.721","1","0.279","0.257","0.914","0.024","-0.173","0.004","-0.286","-0.054","-0.099"
"CD11B","B","0.854","0.375","0.13","0.799","0.914","0.234","0.171","0.257","0.13","-0.02","0.317","0.039","0.169","-0.005"
"CD11B","Baso","0.678","0.232","0.799","0.799","0.476","0.574","0.257","0.762","0.104","0.008","0.582","0.113","0.432","0.024"
"CD11B","CD4_T","0.962","0.838","0.574","0.916","0.914","0.712","0.257","0.453","0.088","0.003","0.242","0.02","0.125","0.018"
"CD11B","CD8_T","0.813","0.695","0.799","0.879","0.762","0.268","0.352","0.914","0.163","-0.013","0.212","0.015","0.008","0.013"
"CD11B","cDC1","0.19","0.375","0.279","0.16","0.61","0.004","0.476","0.257","0.342","-0.006","-0.153","0.169","-0.546","0.052"
"CD11B","cDC2","0.243","0.922","0.506","0.574","0.914","0.721","0.257","1","0.04","-0.066","0.118","-0.074","0.023","0.009"
"CD11B","DNT","0.252","0.107","0.18","0.32","0.063","0.661","0.905","1","-0.062","-0.033","-0.084","-0.095","-0.042","-0.095"
"CD11B","DPT","0.963","0.77","0.721","0.879","0.257","0.959","0.352","0.476","0.059","0.015","0.207","0.036","0.107","0.024"
"CD11B","GMDSC","0.188","0.131","0.054","0.661","0.067","0.013","0.73","0.01","0.298","-0.005","0","-0.076","-0.327","0.056"
"CD11B","MMDSC_I","0.528","0.129","0.799","0.827","0.914","0.51","0.476","0.73","0.124","0.031","0.024","-0.086","-0.177","-0.17"
"CD11B","MMDSC_II","0.068","0.037","1","0.267","0.762","0.435","0.886","0.914","0.309","0.102","0.032","0.078","-0.3","-0.093"
"CD11B","MMDSC_III","0.028","0.375","0.279","0.442","0.762","0.328","0.61","0.476","0.164","0.169","-0.027","0.197","-0.224","-0.027"
"CD11B","Mono_I","0.353","0.557","0.383","0.234","0.914","0.442","0.762","0.476","0.175","0.114","-0.097","0.097","-0.406","-0.064"
"CD11B","Mono_II","1","0.432","0.18","0.879","0.114","0.743","0.914","0.762","-0.109","-0.042","-0.251","-0.36","-0.14","-0.352"
"CD11B","Mono_III","0.404","0.322","0.383","0.234","0.61","0.879","0.914","0.914","0.164","0.132","0.07","-0.031","-0.187","-0.204"
"CD11B","Neu","0.517","0.049","0.506","0.126","0.61","0.019","0.352","0.352","0.207","-0.06","0.026","-0.057","-0.234","-0.064"
"CD11B","NK_like","1","0.084","0.104","0.104","0.476","0.328","0.762","0.257","0.077","0.013","-0.049","-0.031","-0.155","-0.05"
"CD11B","pDC","0.08","0.846","0.874","0.268","1","0.799","0.61","0.61","0.18","0.084","0.172","0.102","-0.083","0.005"
"CD11B","UA","0.517","0.432","0.527","0.13","0.476","0.506","0.914","0.257","0.123","0.01","-0.006","0.101","-0.182","0.035"
"CD11C","B","0.207","0.02","0.195","0.959","0.762","0.082","0.61","0.914","0.252","0.016","0.382","0.342","0.17","0.18"
"CD11C","Baso","0.12","0.232","0.506","0.574","0.257","0.442","0.914","0.762","0.193","0.138","0.514","0.287","0.278","0.148"
"CD11C","CD4_T","0.055","0.922","0.46","0.792","0.61","0.082","0.915","0.762","0.095","0.005","0.126","0.064","0.008","0.053"
"CD11C","CD8_T","0.035","0.695","0.958","0.16","0.476","0.004","0.352","0.476","0.347","0.02","0.329","0.103","-0.082","0.065"
"CD11C","cDC1","0.579","0.232","0.879","0.958","0.762","0.959","0.61","0.762","-0.041","0.033","-0.14","0.099","-0.052","-0.069"
"CD11C","cDC2","0.04","0.432","0.506","0.383","0.257","0.442","0.257","1","0.194","0.109","0.134","-0.025","-0.092","-0.122"
"CD11C","DNT","0.001","0.055","0.827","0.51","0.905","0.145","0.19","0.413","0.857","0.211","0.45","-0.039","-0.542","-0.261"
"CD11C","DPT","0.098","0.275","0.874","0.234","0.257","0.13","0.762","0.61","0.368","0.068","0.169","0.13","-0.31","0.009"
"CD11C","GMDSC","0.762","0.492","0.441","0.913","1","0.254","0.556","1","-0.221","0.258","-0.429","-0.062","-0.149","0.003"
"CD11C","MMDSC_I","0.495","0.074","0.574","0.743","0.521","0.583","0.61","0.73","0.134","0.058","0.021","-0.074","-0.151","-0.272"
"CD11C","MMDSC_II","0.244","0.375","0.898","0.51","0.762","1","0.486","0.476","-0.096","-0.066","-0.114","-0.278","-0.041","-0.109"
"CD11C","MMDSC_III","0.963","0.037","0.506","0.646","0.762","0.799","0.914","1","0.023","0.015","-0.127","-0.134","-0.133","-0.176"
"CD11C","Mono_I","0.263","0.16","0.16","0.082","0.336","0.506","0.914","0.762","0.153","0.117","-0.143","0.02","-0.374","-0.181"
"CD11C","Mono_II","0.587","0.322","0.913","0.799","0.171","0.692","0.61","0.171","0.14","0.049","0.188","-0.087","0.044","-0.238"
"CD11C","Mono_III","0.132","0.193","0.342","0.279","0.352","0.799","1","0.61","0.181","0.107","0.075","-0.063","-0.15","-0.236"
"CD11C","Neu","0.225","0.625","0.646","0.027","0.476","0.009","0.476","0.257","0.481","-0.067","0.33","0.108","-0.257","0.1"
"CD11C","NK_like","0.001","0.922","0.13","0.009","0.257","0.082","0.914","0.352","0.515","0.249","0.301","0.311","-0.242","0.037"
"CD11C","pDC","0.611","0.025","0.958","0.646","0.352","0.959","0.914","0.748","-0.041","-0.075","-0.158","-0.223","-0.175","-0.215"
"CD11C","UA","0.927","0.375","0.959","0.328","0.762","0.104","0.61","0.914","0.149","-0.038","0.05","-0.195","-0.101","-0.163"
"CD123","B","0.015","0.02","0.442","0.328","0.476","0.574","0.914","1","-0.06","-0.037","-0.072","-0.066","-0.036","-0.045"
"CD123","Baso","0.353","0.014","0.225","0.328","0.762","0.959","0.476","0.067","0.096","0.076","-0.239","0.112","-0.375","-0.068"
"CD123","CD4_T","0.301","0.76","0.506","0.916","0.762","0.104","1","0.165","0.018","0","0.014","0.022","-0.006","0.02"
"CD123","CD8_T","0.266","0.343","0.506","0.874","0.762","0.104","0.831","0.352","0.014","0","0.01","0.024","-0.004","0.022"
"CD123","cDC1","0.611","0.695","0.574","0.104","0.762","0.646","0.762","0.914","-0.131","-0.037","-0.154","-0.165","-0.05","-0.123"
"CD123","cDC2","0.554","0.232","0.799","0.646","0.476","0.959","0.762","0.762","-0.015","-0.063","-0.012","-0.114","-0.035","-0.141"
"CD123","DNT","0.501","0.91","1","0.51","0.73","0.377","0.556","0.905","-0.019","0.013","-0.029","-0.003","0.001","-0.005"
"CD123","DPT","0.174","0.77","0.268","0.799","0.762","0.195","0.067","0.762","-0.086","-0.005","-0.142","0.003","-0.055","-0.004"
"CD123","GMDSC","0.679","0.049","0.221","0.441","0.114","0.768","0.413","0.914","-0.096","-0.018","0.043","0.385","0.141","0.215"
"CD123","MMDSC_I","0.717","0.301","0.879","0.743","0.61","0.827","0.61","0.73","-0.025","-0.09","0.046","0.051","0.09","0.041"
"CD123","MMDSC_II","0.542","0.846","0.898","0.913","0.257","1","0.2","0.352","-0.176","-0.16","-0.651","0.15","-0.253","0.126"
"CD123","MMDSC_III","0.548","0.557","0.442","0.328","0.914","0.721","0.352","0.352","0.014","0.054","0.423","0.101","0.475","-0.039"
"CD123","Mono_I","0.854","0.625","0.721","0.959","0.171","0.506","1","0.762","-0.052","-0.019","0.133","0.106","0.202","0.023"
"CD123","Mono_II","0.744","0.695","0.441","0.383","0.61","0.115","0.476","0.171","-0.274","0.157","-0.101","0.065","0.246","-0.088"
"CD123","Mono_III","0.776","0.375","0.574","1","0.257","0.46","1","0.257","-0.028","0.002","0.053","0.032","0.092","0.011"
"CD123","Neu","1","0.695","0.959","0.574","0.915","0.246","0.257","0.067","0.04","-0.008","-0.004","0.058","-0.049","0.047"
"CD123","NK_like","0.887","0.236","0.874","0.792","0.669","0.596","0.114","0.114","-0.001","-0.001","-0.005","0.019","-0.005","0.015"
"CD123","pDC","0.818","0.557","0.279","0.506","0.352","0.959","0.914","1","0.015","0.02","0.006","0.024","-0.001","-0.075"
"CD123","UA","0.854","0.492","0.506","0.959","0.762","0.959","0.257","0.61","0.025","-0.158","0.04","-0.086","-0.008","-0.06"
"CD135","B","0.66","0.813","0.833","0.225","0.24","0.562","0.352","0.762","0.003","-0.005","0.015","0.001","0.01","0"
"CD135","Baso","0.459","0.722","0.792","1","0.454","0.959","1","0.914","-0.001","-0.009","0.004","-0.002","-0.011","-0.002"
"CD135","CD4_T","0.434","0.77","0.526","0.187","0.24","0.013","1","0.257","0.012","-0.002","0.005","0.005","-0.009","0.003"
"CD135","CD8_T","1","0.683","0.383","1","0.665","0.064","1","0.61","0.003","-0.003","0.005","0.003","0.002","0.003"
"CD135","cDC1","0.478","0.047","0.279","0.799","0.762","0.562","0.476","1","0.052","-0.036","-0.03","-0.03","-0.108","-0.038"
"CD135","cDC2","0.747","0.322","0.959","0.799","0.61","0.721","0.914","0.914","-0.012","-0.001","-0.009","-0.047","-0.012","-0.048"
"CD135","DNT","1","0.953","0.734","0.533","0.461","0.692","0.286","0.413","-0.002","-0.001","0.013","-0.007","0.012","-0.001"
"CD135","DPT","0.906","0.114","0.493","0.442","0.762","0.874","0.476","0.01","-0.001","-0.011","-0.024","-0.004","-0.032","-0.001"
"CD135","GMDSC","0.379","0.646","0.743","0.14","0.762","0.178","0.905","0.914","0.018","-0.042","0.005","-0.017","0.002","0.006"
"CD135","MMDSC_I","0.083","0.097","0.369","0.65","0.83","0.661","0.669","0.539","-0.008","-0.026","0.01","-0.045","0.014","0.017"
"CD135","MMDSC_II","0.057","1","0.364","0.212","0.61","0.354","1","0.476","0.004","-0.027","-0.018","-0.017","-0.027","0.006"
"CD135","MMDSC_III","0.08","0.193","0.492","0.958","0.61","0.187","0.171","0.257","-0.018","-0.035","-0.017","0.024","0.001","0.025"
"CD135","Mono_I","0.554","0.492","0.634","0.833","0.476","0.959","0.61","0.914","-0.001","-0.009","-0.011","-0.03","0.024","0.006"
"CD135","Mono_II","0.036","0.859","0.32","0.646","0.914","0.079","0.067","0.352","-0.062","-0.005","-0.085","0.003","-0.015","0.006"
"CD135","Mono_III","0.209","0.153","0.341","0.958","0.831","0.879","0.61","0.521","-0.003","-0.007","0.016","0.002","0.018","0.011"
"CD135","Neu","0.224","0.722","0.712","0.091","0.831","0.428","1","0.748","0.002","-0.004","-0.004","-0.003","-0.002","0.007"
"CD135","NK_like","0.977","0.373","0.597","0.792","0.914","0.562","0.521","0.285","0.001","-0.003","0","0.003","-0.001","0.003"
"CD135","pDC","0.026","0.193","0.833","0.051","1","0.246","0.476","0.067","0.003","-0.018","-0.015","-0.002","-0.018","0.02"
"CD135","UA","0.329","0.492","0.721","0.562","0.914","0.799","0.257","0.914","-0.041","-0.12","-0.055","-0.071","-0.004","-0.007"
"CD14","B","0.67","0.432","0.506","0.752","0.914","0.792","0.257","0.114","0.24","0.006","0.439","0.008","0.147","-0.02"
"CD14","Baso","0.145","0.375","0.506","0.959","0.762","0.279","0.171","0.762","0.247","-0.065","0.548","-0.003","0.205","0.037"
"CD14","CD4_T","0.776","0.77","0.328","0.442","0.61","0.799","0.352","0.352","0.211","0.002","0.42","0.02","0.14","0.026"
"CD14","CD8_T","0.927","1","0.383","0.646","0.762","0.574","0.352","0.476","0.265","-0.003","0.416","0.013","0.073","0.004"
"CD14","cDC1","0.207","0.846","0.721","0.195","0.61","0.082","0.762","0.476","0.373","0.074","-0.364","0.171","-0.808","-0.025"
"CD14","cDC2","0.678","0.105","0.799","0.959","1","0.959","0.61","0.476","0.197","0.043","0.224","-0.043","-0.054","-0.1"
"CD14","DNT","0.744","0.138","0.661","0.827","0.73","0.661","0.286","0.556","0.016","-0.044","0.144","-0.137","-0.017","-0.152"
"CD14","DPT","0.378","0.838","0.959","0.959","0.352","0.328","0.61","0.134","0.042","-0.007","0.238","-0.027","0.143","-0.014"
"CD14","GMDSC","0.041","0.375","1","0.913","0.762","0.953","0.556","0.61","0.368","0.334","0.443","0.005","0.016","-0.15"
"CD14","MMDSC_I","0.706","0.027","0.799","1","0.914","0.913","0.914","0.413","0.122","0.173","-0.122","-0.109","-0.338","-0.432"
"CD14","MMDSC_II","0.021","0.049","0.898","1","0.914","0.833","0.886","0.352","0.317","0.416","-0.298","-0.104","-0.653","-0.266"
"CD14","MMDSC_III","0.08","0.375","0.635","0.646","0.476","0.506","0.476","0.914","0.24","0.285","0.236","0.091","-0.077","-0.206"
"CD14","Mono_I","0.431","0.049","0.712","0.104","0.762","0.383","0.61","0.762","0.292","0.199","-0.149","0.087","-0.621","-0.188"
"CD14","Mono_II","0.94","0.027","0.32","0.959","0.914","0.661","1","1","-0.003","0.007","-0.302","-0.294","-0.344","-0.354"
"CD14","Mono_III","0.548","0.049","0.574","0.506","0.762","0.959","0.914","0.762","0.184","0.184","-0.035","-0.16","-0.348","-0.38"
"CD14","Neu","0.938","0.922","0.959","0.959","0.914","0.879","0.61","0.762","0.228","0.008","0.432","0.028","0.138","-0.009"
"CD14","NK_like","0.306","0.625","0.574","1","0.914","0.799","0.476","0.476","0.208","-0.014","0.379","-0.026","0.1","-0.003"
"CD14","pDC","0.04","0.492","1","0.799","0.914","0.721","1","0.914","0.229","0.142","0.269","0.046","-0.08","-0.101"
"CD14","UA","0.459","0.375","0.383","0.082","0.914","0.721","0.61","0.114","0.169","0.145","-0.04","0.166","-0.302","0.035"
"CD141","B","1","0.16","0.574","0.879","0.914","0.721","0.61","0.61","-0.022","0.006","0.071","0.106","0.098","0.08"
"CD141","Baso","0.284","0.432","0.879","0.799","0.257","1","0.257","0.257","-0.061","-0.124","-0.53","-0.096","-0.456","-0.011"
"CD141","CD4_T","0.887","1","0.959","0.493","1","0.03","0.914","0.257","0.023","-0.008","0.014","0.104","-0.014","0.102"
"CD141","CD8_T","0.776","0.695","0.879","0.493","1","0.02","1","0.171","0.028","-0.01","0.011","0.112","-0.024","0.114"
"CD141","cDC1","0.013","0.625","0.234","0.383","0.914","0.879","0.61","1","-0.217","-0.21","0.653","-0.183","0.807","0.047"
"CD141","cDC2","0.404","0.695","0.959","0.383","0.914","0.574","0.61","0.067","0.108","-0.074","-0.162","-0.08","-0.332","0.11"
"CD141","DNT","1","0.82","0.743","0.257","0.556","0.913","0.286","0.286","0.167","0.001","-0.033","0.022","-0.268","0.009"
"CD141","DPT","0.107","0.846","1","0.646","0.914","0.429","0.61","0.914","-0.11","-0.027","-0.161","0.107","-0.055","0.119"
"CD141","GMDSC","0","0.193","0.221","1","0.257","0.31","0.016","0.352","-0.856","-0.592","-0.708","-0.233","0.078","0.384"
"CD141","MMDSC_I","0.464","0.734","0.879","0.377","0.762","0.661","0.61","0.73","0.177","-0.268","0.269","-0.19","-0.023","0.132"
"CD141","MMDSC_II","0.002","0.77","0.06","0.441","0.762","0.833","0.886","0.61","-0.529","-0.718","-0.515","-0.357","-0.145","0.205"
"CD141","MMDSC_III","0.002","0.049","0.721","0.874","0.914","0.959","0.762","0.914","-0.536","-0.493","-0.269","-0.371","0.143","0.358"
"CD141","Mono_I","0.098","0.333","0.879","0.234","0.067","0.027","0.352","0.61","0.151","-0.343","0.365","-0.406","0.242","0.086"
"CD141","Mono_II","0.231","0.322","0.09","1","0.476","0.583","0.114","0.61","0.09","-0.264","0.485","-0.331","0.31","0.149"
"CD141","Mono_III","0.487","0.541","0.799","0.506","0.762","0.799","0.352","0.915","0.209","-0.096","0.309","-0.127","-0.03","0.078"
"CD141","Neu","0.243","0.695","0.792","0.574","1","0.279","0.914","0.762","0.028","-0.041","0.017","0.088","-0.023","0.103"
"CD141","NK_like","0.074","0.432","0.721","0.527","0.915","0.916","0.352","0.114","0","-0.014","-0.018","0.077","-0.022","0.091"
"CD141","pDC","0","0.131","0.46","0.46","0.067","1","1","0.114","-0.879","-0.814","-0.664","-0.611","-0.014","0.347"
"CD141","UA","0.284","0.554","0.328","1","0.61","0.027","0.114","0.476","0.133","-0.254","0.228","-0.198","0.018","0.023"
"CD15","B","0.463","0.846","0.442","1","0.069","0.429","0.019","0.171","0.013","-0.034","0.084","-0.007","0.067","-0.016"
"CD15","Baso","0.517","0.959","0.205","0.879","0.593","0.574","0.285","0.352","0.018","-0.02","0.086","0.009","0.061","-0.01"
"CD15","CD4_T","0.463","0.557","0.506","0.673","0.257","0.011","0.61","0.61","0.018","-0.004","0.04","0.015","0.019","0.013"
"CD15","CD8_T","1","0.234","0.493","1","0.449","0.064","0.61","0.831","0.012","-0.005","0.046","0.015","0.034","0.014"
"CD15","cDC1","0.854","0.695","0.104","0.126","0.61","0.506","0.476","0.762","-0.009","-0.037","0.037","-0.022","0.046","0.003"
"CD15","cDC2","0.057","0.77","0.037","0.506","0.067","0.004","0.067","0.476","0.021","-0.037","0.092","-0.027","0.066","-0.012"
"CD15","DNT","0.535","0.25","0.51","0.192","0.73","0.51","0.73","0.413","-0.029","-0.006","0.048","0.016","0.082","-0.007"
"CD15","DPT","0.831","1","0.383","0.493","0.914","0.646","0.762","1","-0.009","-0.007","0.026","0.009","0.036","0.012"
"CD15","GMDSC","1","0.813","0.51","0.913","0.067","0.129","0.905","0.476","0.162","-0.085","-0.046","-0.133","-0.193","0.024"
"CD15","MMDSC_I","0.051","0.359","0.721","0.335","0.257","0.115","0.762","0.413","-0.004","-0.166","-0.224","-0.194","-0.223","0.001"
"CD15","MMDSC_II","0.421","0.846","0.438","0.743","0.352","0.833","0.886","0.476","0.038","0.05","-0.039","0.005","-0.046","0.03"
"CD15","MMDSC_III","0.356","0.092","0.442","1","0.165","0.879","1","0.914","0.002","0.021","0.036","0.044","0.032","0.026"
"CD15","Mono_I","0.309","0.799","0.646","0.799","1","0.958","0.352","0.61","-0.009","-0.007","-0.02","0.006","-0.008","0.005"
"CD15","Mono_II","0.798","0.477","1","0.879","0.087","0.221","0.61","0.476","0.02","-0.007","0.191","-0.004","0.168","-0.028"
"CD15","Mono_III","0.272","0.169","0.879","1","1","0.267","0.914","0.352","0.002","-0.015","0.003","0.004","0.002","0.017"
"CD15","Neu","0.329","0.049","1","0.234","0.521","0.234","0.61","1","0.113","-0.089","-0.19","-0.177","-0.312","-0.145"
"CD15","NK_like","0.236","0.232","0.574","0.646","0.915","0.152","0.762","0.762","0","-0.005","0.013","0.007","0.013","0.009"
"CD15","pDC","0.836","0.058","1","0.879","1","0.799","0.762","0.669","0.001","-0.001","0.016","0.024","0.017","0.03"
"CD15","UA","0.712","0.625","0.091","0.574","0.914","0.506","0.171","0.257","0.032","-0.14","0.094","-0.093","0.059","-0.048"
"CD16","B","0.74","0.105","0.442","0.574","0.476","0.833","0.61","0.257","-0.022","-0.049","0.224","0.092","0.253","0.033"
"CD16","Baso","0.782","0.232","0.46","0.37","0.257","0.646","0.61","0.762","0.006","-0.003","0.122","0.103","0.114","0.048"
"CD16","CD4_T","0.747","0.77","0.104","0.16","0.171","0.799","0.476","0.914","0.01","-0.005","0.022","0.033","0.013","0.029"
"CD16","CD8_T","1","0.131","0.721","0.442","0.114","0.13","0.01","0.352","0.123","-0.021","0.192","0.058","0.031","0.063"
"CD16","cDC1","0.611","0.275","0.799","0.959","0.476","0.879","1","0.914","0.045","0.047","0.082","-0.01","-0.018","-0.091"
"CD16","cDC2","0.678","0.16","0.13","0.195","0.762","0.506","0.114","0.476","0.046","-0.002","0.164","0.006","0.111","0.024"
"CD16","DNT","0.093","1","0.267","0.145","0.413","0.09","0.556","0.286","0.365","0.06","0.329","0.182","-0.13","0.137"
"CD16","DPT","0.747","1","0.879","0.646","0.762","0.721","0.476","0.171","0.071","-0.011","-0.006","0.194","-0.126","0.141"
"CD16","GMDSC","0.524","0.232","1","0.32","1","0.371","0.905","0.257","-0.275","-0.003","0.036","0.007","0.303","0.084"
"CD16","MMDSC_I","0.464","0.039","0.048","0.583","0.762","0.005","0.114","1","0.235","-0.145","0.443","-0.112","0.165","0.092"
"CD16","MMDSC_II","0.497","0.375","0.699","0.913","1","0.524","0.886","0.762","-0.255","-0.058","-0.314","-0.176","-0.165","-0.357"
"CD16","MMDSC_III","0.141","0.275","0.442","0.16","1","0.279","0.762","0.476","-0.321","0.018","0.033","0.082","0.261","0.031"
"CD16","Mono_I","0.243","0.625","0.799","0.879","0.61","0.574","0.257","0.762","0.002","0.088","0.126","0.046","0.045","0.008"
"CD16","Mono_II","0.093","0.275","0.583","0.574","1","0.827","0.476","0.352","-0.113","-0.063","-0.503","-0.05","-0.381","-0.052"
"CD16","Mono_III","0.453","0.375","0.091","0.442","0.352","0.429","0.762","0.61","0.008","-0.054","0.056","0.05","0.072","0.087"
"CD16","Neu","0.89","0.695","0.506","0.383","0.61","0.048","0.038","0.914","0.285","-0.076","0.387","0.046","0.028","0.031"
"CD16","NK_like","0.89","0.846","0.16","0.574","0.114","0.646","0.914","0.61","-0.126","0.144","0.415","0.048","0.415","-0.242"
"CD16","pDC","0.32","0.415","0.799","0.506","0.914","0.37","0.61","0.831","-0.487","-0.07","0.076","-0.025","0.282","0.068"
"CD16","UA","1","0.77","0.082","0.646","0.762","0.383","0.476","0.476","0.139","-0.22","0.253","-0.094","0.069","0.001"
"CD163","B","0.641","0.359","0.791","0.632","0.476","0.102","0.352","0.336","0.004","-0.002","0.009","0.003","0.005","0.002"
"CD163","Baso","0.776","0.085","0.245","0.646","1","0.634","0.762","0.392","0.001","0.001","-0.004","0.002","-0.005","-0.013"
"CD163","CD4_T","0.484","0.767","1","0.368","0.83","0.242","0.331","0.257","0.003","0","0","0.003","-0.003","0.001"
"CD163","CD8_T","0.822","0.905","0.673","0.427","0.915","0.957","0.592","0.199","0.003","0","-0.001","0.002","-0.004","0.002"
"CD163","cDC1","0.027","0.846","0.267","0.46","1","0.721","0.762","0.914","-0.045","-0.059","-0.025","-0.006","0.004","0.005"
"CD163","cDC2","0.263","0.77","0.506","0.383","0.762","0.16","0.61","0.352","-0.236","-0.03","-0.135","-0.191","0.107","-0.128"
"CD163","DNT","0.66","0.301","0.661","1","0.556","0.827","0.73","0.73","-0.004","-0.002","-0.002","-0.006","0.002","-0.01"
"CD163","DPT","0.159","0.407","0.16","0.429","1","0.574","0.914","0.114","-0.015","-0.018","-0.045","-0.038","-0.033","0.007"
"CD163","GMDSC","0.035","0.232","0.069","0.692","0.114","0.254","0.032","0.257","0.012","-0.157","0.058","-0.201","0.014","-0.2"
"CD163","MMDSC_I","0.127","0.301","0.383","0.32","0.24","0.461","0.914","0.286","-0.083","-0.032","-0.034","-0.061","0.023","-0.048"
"CD163","MMDSC_II","0.048","0.625","0.606","0.145","0.352","0.284","0.486","0.171","-0.256","-0.011","0.117","-0.297","0.306","-0.071"
"CD163","MMDSC_III","0.098","0.77","0.712","0.224","0.114","0.279","0.257","0.038","-0.069","0.003","0.086","-0.076","0.13","-0.043"
"CD163","Mono_I","0.487","0.922","0.13","0.673","0.038","0.104","0.61","0.114","-0.196","0.051","-0.067","-0.05","0.129","-0.045"
"CD163","Mono_II","0.375","0.232","0.011","0.225","0.171","0.743","0.171","0.352","0.095","0.043","-0.139","0.044","-0.302","0.009"
"CD163","Mono_III","0.084","0.922","0.279","0.37","0.352","0.13","1","0.352","-0.096","-0.011","-0.035","-0.051","0.049","-0.016"
"CD163","Neu","0.636","0.275","0.114","0.006","0.257","0.46","0.914","0.476","0.016","-0.003","-0.013","-0.005","-0.033","-0.01"
"CD163","NK_like","0.842","0.725","0.751","0.492","0.762","0.712","0.454","0.051","0.002","-0.001","-0.001","0.001","-0.003","0.002"
"CD163","pDC","0.603","0.678","0.072","0.399","0.762","0.562","0.114","0.476","-0.001","0.006","-0.008","0.007","-0.019","0.001"
"CD163","UA","0.517","0.322","0.429","0.574","0.914","0.959","0.352","0.762","-0.023","-0.118","-0.022","-0.08","-0.008","-0.031"
"CD172AB","B","0.906","0.076","0.082","0.506","0.476","0.328","0.067","0.01","0.086","-0.035","0.34","0.04","0.239","0.005"
"CD172AB","Baso","0.005","0.492","0.959","0.646","0.61","0.16","1","0.352","0.466","0.235","0.26","0.208","-0.242","-0.074"
"CD172AB","CD4_T","0.552","0.232","0.328","1","0.762","0.113","0.171","0.352","0.073","-0.003","0.158","0.027","0.07","0.028"
"CD172AB","CD8_T","0.329","0.695","0.279","0.959","0.61","0.048","0.476","0.914","0.097","-0.001","0.162","0.025","0.045","0.021"
"CD172AB","cDC1","0.243","0.922","0.574","0.959","0.61","0.279","0.257","0.914","-0.037","0.137","-0.234","0.222","-0.163","0.049"
"CD172AB","cDC2","0.712","0.625","0.442","0.799","0.257","0.959","1","1","-0.108","0.055","-0.102","-0.125","-0.047","-0.138"
"CD172AB","DNT","0.623","0.426","0.069","0.827","0.556","0.027","0.286","0.556","0.131","-0.04","0.059","-0.078","-0.106","-0.028"
"CD172AB","DPT","0.854","1","0.959","0.574","0.114","0.234","0.476","0.067","-0.063","0.071","0.257","-0.026","0.297","-0.048"
"CD172AB","GMDSC","0.359","0.557","0.257","0.661","0.476","0.254","0.73","0.171","-0.091","0.321","0.093","0.147","0.237","-0.043"
"CD172AB","MMDSC_I","0.632","0.164","0.16","0.827","0.171","0.743","0.914","0.286","-0.017","0.145","0.098","0.078","0.032","-0.235"
"CD172AB","MMDSC_II","0.008","0.322","0.042","1","0.476","0.127","0.686","0.762","0.053","0.287","-0.101","0.148","-0.109","-0.185"
"CD172AB","MMDSC_III","0.071","0.275","0.064","0.442","0.199","0.646","0.762","0.476","0.108","0.36","0.136","0.214","0.043","-0.17"
"CD172AB","Mono_I","0.225","0.375","0.13","0.574","0.476","0.721","0.762","0.914","0.068","0.335","-0.169","0.302","-0.435","-0.13"
"CD172AB","Mono_II","0.562","0.131","0.027","0.673","0.171","0.32","0.762","0.171","-0.226","0.161","-0.177","-0.156","0.021","-0.335"
"CD172AB","Mono_III","0.353","0.193","0.064","0.442","0.171","0.646","1","0.476","-0.014","0.261","0.031","0.001","-0.069","-0.287"
"CD172AB","Neu","0.747","0.846","0.13","0.799","0.762","0.019","0.257","0.762","0.262","-0.072","0.351","0.009","0.036","0.016"
"CD172AB","NK_like","0.332","0.202","0.383","0.721","0.476","0.268","1","0.352","0.074","-0.01","0.139","0.03","0.051","0.029"
"CD172AB","pDC","0.487","0.375","0.195","0.959","0.476","0.328","0.762","0.914","-0.067","0.168","-0.004","0.038","0.059","-0.166"
"CD172AB","UA","0.89","0.695","0.799","0.574","0.762","0.383","0.476","0.914","0.07","-0.033","0.109","-0.045","-0.008","-0.064"
"CD19","B","0.057","0.375","0.959","0.442","0.61","0.16","0.914","0.352","0.209","0.082","0.055","0.016","-0.15","-0.056"
"CD19","Baso","0.782","0.275","0.383","0.799","0.61","0.721","0.476","0.914","0.163","-0.009","0.194","0.093","-0.033","0.079"
"CD19","CD4_T","0.782","1","0.721","0.442","1","0.574","0.914","0.476","0.035","0.004","0.108","0.081","0.052","0.086"
"CD19","CD8_T","1","1","0.646","0.598","0.762","0.958","0.914","0.762","0.076","0","0.117","0.091","0.01","0.086"
"CD19","cDC1","0.487","0.625","0.16","0.279","0.257","0.383","0.762","0.61","-0.12","0.01","-0.619","0.083","-0.514","-0.012"
"CD19","cDC2","0.897","0.275","0.383","0.646","0.762","0.328","0.352","0.61","0.159","-0.028","0.177","0.036","-0.036","0.068"
"CD19","DNT","0.562","0.91","0.743","0.913","0.905","0.661","0.73","0.73","-0.042","0.061","0.097","0.049","0.143","0.017"
"CD19","DPT","0.113","0.432","0.721","0.442","0.257","0.879","0.762","0.61","-0.031","-0.09","-0.074","-0.011","-0.089","0.078"
"CD19","GMDSC","0.804","0.625","0.913","1","0.476","0.953","1","0.914","-0.008","-0.005","0.124","0.167","0.123","0.068"
"CD19","MMDSC_I","0.274","0.496","0.879","0.743","0.61","0.743","0.762","1","0.13","0.05","0.101","0.038","-0.105","0.112"
"CD19","MMDSC_II","0.244","0.846","0.699","0.32","0.067","0.524","1","0.762","0.18","0.062","0.383","0.268","0.22","0.063"
"CD19","MMDSC_III","0.19","0.492","0.959","0.721","0.257","0.574","0.476","0.476","0.048","-0.158","0.058","0.142","-0.036","0.194"
"CD19","Mono_I","0.19","0.557","0.328","0.234","0.171","1","0.914","1","0.113","0.183","0.177","0.212","-0.013","0.035"
"CD19","Mono_II","0.67","0.432","0.51","0.799","0.762","0.51","0.352","0.61","-0.118","0.176","-0.042","0.301","0.061","0.243"
"CD19","Mono_III","0.611","0.432","0.959","0.574","0.61","0.442","0.914","0.61","0.228","0.028","0.245","0.153","-0.076","0.084"
"CD19","Neu","0.963","0.799","0.792","0.959","0.914","0.506","1","0.476","0.064","0.012","0.112","0.098","0.008","0.076"
"CD19","NK_like","0.927","0.477","0.712","0.635","0.762","0.104","0.762","0.257","0.027","0.025","0.072","0.078","0.027","0.067"
"CD19","pDC","0.246","0.153","0.721","1","0.914","0.879","0.476","0.336","0.059","0.028","-0.025","0.057","-0.123","0.044"
"CD19","UA","0.431","1","0.383","0.646","0.171","0.442","0.352","0.476","0.263","0.019","0.432","0.109","0.029","0.061"
"CD1C","B","0.13","0.193","0.959","0.493","0.257","0.292","0.61","0.914","0.23","0.079","0.192","-0.046","-0.146","-0.159"
"CD1C","Baso","0.89","0.232","0.429","0.316","1","0.104","0.914","0.067","0.055","-0.021","0.022","0.011","-0.048","0.013"
"CD1C","CD4_T","0.469","0.232","0.429","0.646","0.831","0.104","0.61","0.038","0.02","-0.005","0.003","0.011","-0.019","0.007"
"CD1C","CD8_T","0.816","0.575","0.383","0.958","0.476","0.195","0.593","0.134","0.015","-0.004","0.01","0.012","-0.009","0.01"
"CD1C","cDC1","0.028","0.695","0.598","0.506","0.257","0.195","0.171","0.476","-0.001","-0.109","0.075","-0.175","0.086","-0.039"
"CD1C","cDC2","0.12","1","0.383","0.959","0.61","0.574","0.352","0.914","0.207","0.13","0.336","-0.001","0.084","-0.06"
"CD1C","DNT","0.94","0.91","0.827","0.865","0.556","0.743","0.556","0.905","0.009","-0.003","0.009","0.02","0.016","0.016"
"CD1C","DPT","0.201","0.386","0.712","0.792","0.61","0.635","1","0.61","0.003","-0.042","-0.033","-0.067","-0.063","-0.02"
"CD1C","GMDSC","0.454","0.492","0.307","0.069","0.476","0.075","0.19","0.61","0.089","-0.147","0.128","-0.054","0.049","0.135"
"CD1C","MMDSC_I","0.049","0.82","0.799","0.32","0.762","0.212","0.914","0.905","-0.009","-0.082","-0.019","-0.016","-0.015","0.006"
"CD1C","MMDSC_II","0.127","0.77","0.438","0.427","0.257","0.622","0.486","0.171","0.064","-0.14","-0.09","0.1","-0.134","0.096"
"CD1C","MMDSC_III","0.002","0.557","0.383","0.16","0.067","0.646","0.61","0.762","0.086","0.078","0.095","0.071","-0.007","-0.006"
"CD1C","Mono_I","0.459","0.084","0.102","0.442","0.352","0.879","0.914","0.914","0.042","0.052","-0.112","-0.08","-0.146","-0.076"
"CD1C","Mono_II","0.706","0.625","0.32","0.712","0.171","0.661","0.476","0.762","0.015","0.019","0.031","0.288","0","0.255"
"CD1C","Mono_III","0.17","0.415","0.799","0.493","0.257","0.562","0.61","0.521","0.009","-0.024","-0.006","-0.041","-0.025","-0.005"
"CD1C","Neu","0.532","0.333","0.721","0.752","1","0.429","0.914","0.114","0.018","-0.014","0.001","-0.004","-0.023","0.004"
"CD1C","NK_like","0.589","0.878","0.712","0.721","0.762","0.792","0.336","0.01","0.008","-0.005","0.003","0.01","-0.006","0.007"
"CD1C","pDC","0.142","0.922","0.879","0.13","0.914","0.342","0.914","0.114","0.06","0.014","0.009","0.033","-0.053","0.037"
"CD1C","UA","0.611","0.322","0.506","0.959","0.762","0.646","0.171","0.914","0.025","-0.217","-0.008","-0.214","-0.061","-0.061"
"CD206","B","0.088","0.064","0.721","0.506","0.24","0.13","0.521","0.476","0.003","-0.021","-0.002","-0.046","-0.007","-0.033"
"CD206","Baso","0.225","0.375","0.879","0.13","0.762","0.014","0.61","0.038","0.161","-0.002","-0.038","0.01","-0.209","0.022"
"CD206","CD4_T","0.85","0.105","0.562","0.712","0.476","0.383","0.61","0.476","-0.009","0.001","-0.039","-0.014","-0.028","-0.01"
"CD206","CD8_T","0.943","0.557","0.799","1","0.257","0.13","0.762","0.257","-0.026","0.012","-0.02","-0.01","0.011","-0.008"
"CD206","cDC1","0.927","0.375","0.493","0.646","0.61","0.646","0.454","0.61","0.022","-0.024","-0.03","-0.124","-0.054","-0.007"
"CD206","cDC2","0.243","1","0.598","0.279","0.352","0.104","0.019","0.019","0.052","-0.068","-0.203","0.123","-0.283","0.196"
"CD206","DNT","0.98","0.203","0.661","0.733","0.73","0.827","0.556","0.905","-0.019","-0.006","0.013","0.015","0.032","0.03"
"CD206","DPT","0.263","0.695","0.279","0.712","0.914","0.16","0.61","1","-0.07","-0.009","-0.14","-0.014","-0.068","-0.005"
"CD206","GMDSC","0.363","0.105","0.09","0.427","0.067","0.099","0.032","0.067","0.032","-0.044","0.097","-0.025","0.065","-0.156"
"CD206","MMDSC_I","0.058","0.203","0.646","0.51","0.762","0.661","0.914","0.286","0.123","0.065","0.003","-0.016","-0.13","-0.022"
"CD206","MMDSC_II","0.168","0.77","0.606","0.267","0.914","0.724","0.343","0.114","-0.046","-0.047","-0.222","-0.038","-0.17","0.016"
"CD206","MMDSC_III","0.619","0.193","0.574","0.195","0.067","0.383","0.352","0.476","0.052","0.013","0.038","-0.009","-0.026","-0.007"
"CD206","Mono_I","0.011","0.105","0.234","0.16","0.067","0.721","0.914","1","0.165","0.086","0.024","-0.003","-0.181","-0.053"
"CD206","Mono_II","0.001","0.037","1","0.799","1","0.32","0.476","0.762","0.074","0.174","-0.022","0.026","-0.101","-0.098"
"CD206","Mono_III","0","0.084","0.959","0.721","0.762","0.574","0.914","0.352","0.142","0.08","0.013","0.02","-0.151","-0.042"
"CD206","Neu","0.368","0.492","0.561","0.598","0.914","0.46","0.914","0.476","-0.032","-0.002","-0.037","-0.038","0.004","-0.014"
"CD206","NK_like","0.532","0.363","0.527","0.562","0.762","0.37","0.476","0.593","0","-0.005","-0.001","0.007","0","0.006"
"CD206","pDC","0.006","1","0.279","0.225","0.352","0.316","0.171","0.114","0.077","0.031","0.006","0.044","-0.084","0.003"
"CD206","UA","0.85","0.322","0.279","1","0.762","1","0.352","0.762","0.034","-0.139","-0.004","-0.115","-0.042","-0.065"
"CD3","B","0.381","0.375","0.195","0.104","0.038","0.195","0.762","0.352","-0.081","-0.005","0.075","0.026","0.152","0.042"
"CD3","Baso","0.015","0.77","0.195","0.195","0.114","0.574","0.257","0.171","-0.118","-0.068","0.097","-0.08","0.203","-0.014"
"CD3","CD4_T","0.548","0.625","0.646","0.506","0.762","0.002","0.171","0.114","-0.278","0.071","-0.186","-0.064","0.099","-0.102"
"CD3","CD8_T","0.353","0.275","0.506","0.721","0.762","0.019","0.352","0.257","-0.179","0.02","-0.157","-0.083","0.021","-0.107"
"CD3","cDC1","0.132","0.922","0.225","0.879","0.038","0.082","0.762","0.61","0.188","-0.199","0.089","-0.139","-0.174","0.033"
"CD3","cDC2","0.12","0.77","0.328","0.16","0.171","0.442","0.914","0.914","-0.082","-0.052","0.005","-0.036","0.073","0.061"
"CD3","DNT","0.744","0.203","0.115","0.377","0.286","0.069","0.73","0.111","-0.25","0.053","-0.092","-0.36","0.059","-0.343"
"CD3","DPT","0.678","0.722","0.879","0.574","0.476","0.13","0.476","0.762","-0.161","0.046","-0.174","0.038","-0.02","-0.002"
"CD3","GMDSC","0.188","0.557","0.583","0.18","0.038","0.129","1","0.476","-0.253","-0.033","-0.175","-0.11","0.107","0.013"
"CD3","MMDSC_I","0.501","0.301","0.234","0.267","0.114","0.583","0.352","0.556","-0.041","-0.059","0.097","0.023","0.125","0.049"
"CD3","MMDSC_II","0.191","0.695","0.699","0.51","0.038","0.284","0.343","0.914","-0.18","-0.051","-0.161","0.133","0.01","0.125"
"CD3","MMDSC_III","0.08","0.027","0.234","0.16","0.352","0.506","1","0.352","-0.106","-0.064","0.114","0.054","0.23","0.076"
"CD3","Mono_I","0.19","0.432","0.195","0.037","0.01","0.328","0.01","0.914","-0.242","-0.038","-0.279","0.141","-0.035","0.047"
"CD3","Mono_II","0.717","0.193","0.827","0.574","0.114","0.145","0.352","1","-0.129","0.04","-0.228","0.192","-0.101","0.15"
"CD3","Mono_III","0.127","0.193","0.279","0.195","0.257","0.879","0.257","0.171","-0.021","-0.044","0.15","0.02","0.142","0.056"
"CD3","Neu","0.927","0.77","0.721","0.328","0.257","0.082","0.762","0.476","-0.484","0.123","-0.091","-0.081","0.462","-0.153"
"CD3","NK_like","0.109","0.557","0.279","0.13","0.476","0.195","0.476","0.352","-0.114","-0.023","0.049","-0.069","0.167","0.001"
"CD3","pDC","0.057","0.646","0.383","0.16","0.114","0.383","0.762","0.762","-0.145","-0.058","-0.072","-0.093","0.052","0.004"
"CD3","UA","0.813","0.922","0.279","0.13","0.352","1","0.114","0.114","-0.016","-0.046","0.186","-0.123","0.166","-0.131"
"CD33","B","0.587","0.322","0.17","0.646","0.257","0.574","0.352","0.171","0.03","-0.025","0.124","0.007","0.09","-0.003"
"CD33","Baso","0.225","0.557","0.16","0.383","0.038","0.799","0.762","0.476","0.265","0.268","0.566","0.244","0.241","-0.019"
"CD33","CD4_T","0.236","0.375","0.635","0.799","0.336","0.561","0.476","0.476","0.034","0.003","0.068","0.009","0.027","0.006"
"CD33","CD8_T","0.66","0.262","0.429","0.792","0.762","0.039","0.669","0.748","0.047","-0.003","0.073","0.014","0.018","0.013"
"CD33","cDC1","0.329","0.049","0.234","0.383","0.669","1","1","0.61","-0.048","0.037","-0.558","0.025","-0.482","-0.128"
"CD33","cDC2","0.818","0.037","0.13","0.279","0.352","0.959","1","0.762","-0.081","0.057","-0.316","-0.227","-0.262","-0.223"
"CD33","DNT","0.394","0.164","0.743","0.069","0.11","0.09","0.063","0.905","0.126","0.009","0.021","-0.034","-0.126","-0.052"
"CD33","DPT","0.306","0.275","0.879","0.959","0.352","0.799","0.257","0.257","0.059","0.052","0.116","-0.024","0.009","-0.071"
"CD33","GMDSC","0.454","0.02","0.267","0.827","0.61","0.679","0.73","0.762","0.03","0.153","-0.161","-0.174","-0.18","-0.416"
"CD33","MMDSC_I","0.938","0.055","0.195","0.51","0.352","0.734","1","0.286","-0.077","0.113","-0.131","-0.111","-0.09","-0.394"
"CD33","MMDSC_II","0.839","0.02","0.438","0.661","0.038","0.943","0.343","0.352","-0.095","0.025","-0.222","-0.491","-0.086","-0.423"
"CD33","MMDSC_III","0.435","0.064","0.234","0.328","0.114","0.959","1","0.257","0.018","0.213","-0.091","-0.183","-0.108","-0.341"
"CD33","Mono_I","0.927","0.049","0.16","0.195","0.352","1","0.914","0.914","-0.001","0.106","-0.326","-0.056","-0.415","-0.271"
"CD33","Mono_II","0.642","0.322","0.51","0.874","0.114","0.115","0.762","0.476","-0.297","0.019","-0.032","-0.824","0.283","-0.78"
"CD33","Mono_III","0.678","0.084","0.195","0.279","0.171","0.646","0.762","0.476","-0.047","0.124","-0.08","-0.19","-0.106","-0.332"
"CD33","Neu","0.517","0.232","0.234","0.799","0.914","0.006","0.067","0.914","0.238","-0.083","0.185","-0.145","-0.095","-0.111"
"CD33","NK_like","0.19","0.846","0.635","0.712","0.392","0.328","0.762","0.61","0.027","-0.016","0.044","0.004","0.012","0.004"
"CD33","pDC","0.378","0.027","0.16","0.383","0.257","0.442","1","0.914","0.004","0.124","-0.144","-0.131","-0.185","-0.264"
"CD33","UA","0.306","0.105","0.879","0.959","0.476","0.799","0.171","0.114","-0.058","-0.103","-0.034","-0.469","0.026","-0.36"
"CD4","B","0.088","0.375","0.16","0.104","0.038","0.635","0.762","0.476","-0.049","-0.025","0.013","0.04","0.068","0.07"
"CD4","Baso","0.284","0.084","0.799","0.646","0.067","0.574","0.171","0.352","-0.175","-0.061","-0.819","-0.148","-0.641","-0.134"
"CD4","CD4_T","0.705","0.131","0.383","0.959","0.336","0.292","0.476","0.171","-0.119","0.032","-0.066","-0.112","0.049","-0.128"
"CD4","CD8_T","0.776","0.625","0.383","0.13","0.114","0.17","0.914","0.476","-0.071","0.014","-0.03","0.037","0.04","0.053"
"CD4","cDC1","0.009","0.695","0.048","0.027","0.01","0.646","0.257","0.257","-0.171","-0.127","-0.316","-0.072","-0.141","0.049"
"CD4","cDC2","0.378","0.16","0.646","0.027","0.067","0.082","0.257","0.914","-0.272","0.032","-0.52","-0.246","-0.225","-0.184"
"CD4","DNT","0.528","0.129","0.267","0.115","0.556","0.32","0.905","0.286","-0.168","-0.01","-0.022","0.035","0.165","0.043"
"CD4","DPT","0.644","0.064","0.442","0.037","0.257","0.104","0.914","0.352","-0.215","0.091","0.124","0.046","0.331","0.045"
"CD4","GMDSC","0.005","0.695","1","0.145","0.171","0.055","0.19","0.762","-0.462","-0.128","-0.487","-0.26","0.066","-0.03"
"CD4","MMDSC_I","1","0.25","0.799","0.281","0.171","0.377","0.476","1","-0.098","0.087","-0.2","-0.06","-0.107","-0.111"
"CD4","MMDSC_II","0.273","0.922","0.797","0.221","0.257","0.354","0.886","0.61","-0.146","0.161","-0.194","-0.175","-0.085","0.047"
"CD4","MMDSC_III","0.026","0.77","0.799","0.082","0.257","0.04","0.352","0.914","-0.233","-0.015","-0.264","-0.112","-0.008","0.045"
"CD4","Mono_I","0.263","0.492","0.442","0.064","0.038","0.195","0.114","0.914","-0.215","-0.023","-0.357","-0.01","-0.151","-0.037"
"CD4","Mono_II","0.193","0.846","1","0.328","0.257","0.51","1","1","-0.343","-0.062","-0.39","-0.213","-0.001","-0.042"
"CD4","Mono_III","0.487","0.193","0.646","0.442","0.352","0.383","0.914","1","-0.101","0.009","-0.206","-0.135","-0.126","-0.11"
"CD4","Neu","0.854","0.77","0.721","0.048","0.171","0.16","0.61","0.114","-0.558","0.108","-0.088","-0.158","0.535","-0.141"
"CD4","NK_like","0.098","0.554","0.234","0.126","0.257","0.442","1","0.61","-0.063","-0.023","-0.026","0","0.037","0.038"
"CD4","pDC","0.004","0.084","0.574","0.342","0.019","0.279","0.476","0.476","-0.307","-0.169","-0.452","-0.264","-0.16","-0.026"
"CD4","UA","0.225","0.415","0.442","0.16","0.352","0.442","0.762","0.593","-0.118","-0.005","-0.146","-0.128","-0.044","-0.184"
"CD40","B","0.008","0.432","0.721","0.506","0.476","0.328","1","0.762","-0.07","-0.209","-0.149","-0.222","-0.082","-0.061"
"CD40","Baso","0.776","0.922","0.383","0.019","0.336","0.048","0.762","0.019","0.086","-0.01","0.016","0.03","-0.088","0.038"
"CD40","CD4_T","0.552","0.262","0.225","0.126","0.593","0.313","0.476","0.199","0.016","-0.001","-0.018","0.003","-0.039","0.001"
"CD40","CD8_T","0.938","0.414","0.268","0.126","0.61","0.154","0.61","0.171","0.019","-0.002","-0.013","0.001","-0.038","0.003"
"CD40","cDC1","0.449","0.557","0.342","0.14","0.914","0.916","0.914","0.61","0.083","0.085","-0.187","0.121","-0.262","-0.021"
"CD40","cDC2","0.051","0.77","0.442","0.104","0.762","0.506","0.61","0.114","0.065","0.017","0.012","0.039","-0.067","0.027"
"CD40","DNT","0.375","0.834","0.743","0.61","0.73","0.377","0.556","0.413","0.004","-0.019","-0.017","-0.014","-0.02","0.005"
"CD40","DPT","0.263","0.02","0.16","0.16","0.171","0.721","0.762","0.61","-0.021","-0.032","-0.172","-0.094","-0.162","-0.076"
"CD40","GMDSC","0.003","0.77","0.221","0.07","0.114","0.254","1","0.067","0.227","0.139","0.109","0.128","-0.152","0.133"
"CD40","MMDSC_I","0.211","0.734","0.442","0.32","0.914","1","0.352","0.19","0.04","0.033","-0.028","0.1","-0.066","0.057"
"CD40","MMDSC_II","0.588","0.01","0.24","0.583","0.257","0.127","0.886","0.476","-0.133","0.218","0.238","0.196","0.424","0.256"
"CD40","MMDSC_III","0.001","0.01","0.195","0.383","0.352","1","1","0.762","0.123","0.195","0.322","0.353","0.198","0.139"
"CD40","Mono_I","0.08","1","0.048","0.104","0.257","0.646","0.61","0.914","0.058","0.098","-0.033","0.136","-0.086","0.016"
"CD40","Mono_II","0.717","0.322","0.18","0.442","0.914","0.661","0.352","0.61","-0.101","-0.014","-0.183","0.082","-0.044","0.076"
"CD40","Mono_III","0.047","0.625","0.195","0.064","1","0.721","0.171","0.114","0.042","0.016","-0.013","0.102","-0.056","0.062"
"CD40","Neu","0.554","0.322","0.082","0.058","0.61","0.493","0.352","0.038","0.019","-0.007","-0.037","0.006","-0.068","0.007"
"CD40","NK_like","0.348","0.333","0.082","0.064","0.171","1","0.476","0.038","0.002","-0.003","-0.035","0.001","-0.038","0.002"
"CD40","pDC","0.001","0.16","0.13","0.064","0.61","0.279","0.352","0.067","0.143","0.079","0.083","0.188","-0.083","0.11"
"CD40","UA","0.644","0.846","0.506","0.383","0.914","0.442","0.257","0.762","0.095","-0.05","0.16","-0.08","0.038","-0.034"
"CD66B","B","0.453","0.375","0.442","0.383","0.61","0.234","0.257","0.257","0.013","-0.053","0.184","0.016","0.168","0.006"
"CD66B","Baso","0.12","0.846","0.126","0.279","0.914","0.104","0.171","1","0.034","-0.06","0.168","-0.006","0.12","0.002"
"CD66B","CD4_T","0.85","0.358","0.506","1","0.762","0.154","0.748","0.61","0.006","-0.005","0.063","0.026","0.056","0.027"
"CD66B","CD8_T","0.41","0.799","0.442","0.879","0.762","0.02","0.336","1","0.016","-0.007","0.089","0.021","0.069","0.023"
"CD66B","cDC1","0.044","0.557","0.292","0.279","0.762","0.195","0.257","0.914","-0.008","-0.168","0.601","-0.191","0.603","0.066"
"CD66B","cDC2","1","0.922","0.16","0.328","0.762","0.429","0.257","0.762","0.027","-0.004","0.165","-0.034","0.126","-0.027"
"CD66B","DNT","0.293","0.514","0.51","0.145","1","0.661","0.905","0.556","-0.071","-0.03","0.018","-0.03","0.114","0.01"
"CD66B","DPT","0.712","0.846","0.506","0.104","0.914","0.082","0.914","0.61","-0.094","-0.016","0.24","-0.004","0.349","0.017"
"CD66B","GMDSC","0.679","0.16","0.221","0.441","0.476","0.099","0.286","0.476","0.276","-0.124","-0.036","-0.284","-0.357","-0.075"
"CD66B","MMDSC_I","0.323","0.203","0.104","1","0.61","0.267","0.476","0.905","0.04","-0.084","-0.032","-0.095","-0.068","-0.062"
"CD66B","MMDSC_II","0.946","0.375","0.042","0.51","0.257","0.222","0.686","0.762","0.208","-0.141","-0.094","0.012","-0.159","-0.046"
"CD66B","MMDSC_III","0.014","0.275","0.442","0.799","0.914","0.187","0.762","0.762","-0.01","-0.089","0.031","0.029","0.047","0.043"
"CD66B","Mono_I","1","0.695","0.646","0.383","0.762","0.506","0.914","0.914","-0.02","0.029","0.103","0.001","0.13","-0.015"
"CD66B","Mono_II","0.348","0.575","0.377","0.721","0.61","0.743","0.914","0.762","0.007","0.001","0.214","0.07","0.208","-0.101"
"CD66B","Mono_III","0.266","0.646","0.635","0.959","0.914","0.019","1","0.762","0.059","-0.015","0.108","0.054","0.035","0.034"
"CD66B","Neu","0.963","0.105","0.574","0.009","0.067","0.048","0.476","1","0.259","-0.024","0.036","-0.111","-0.26","-0.179"
"CD66B","NK_like","0.669","0.636","0.16","0.493","1","0.185","0.914","0.257","0.015","-0.014","0.078","0.022","0.06","0.027"
"CD66B","pDC","0.586","0.77","0.328","0.574","1","0.16","0.257","0.914","0.076","-0.019","0.158","0.017","0.06","0.044"
"CD66B","UA","0.818","0.846","0.16","0.562","0.914","0.646","0.171","0.257","0.073","-0.23","0.277","-0.174","0.189","-0.09"
"CD68","B","0.407","0.859","0.635","0.46","0.114","0.562","0.171","0.257","0.01","-0.008","0.032","-0.01","0.021","-0.015"
"CD68","Baso","0.959","0.041","0.646","0.16","0.914","0.082","0.61","0.014","0.07","-0.025","-0.043","-0.005","-0.136","-0.001"
"CD68","CD4_T","0.205","0.813","0.527","0.398","0.476","0.035","0.593","0.521","0.016","-0.002","0.012","0.008","-0.005","0.006"
"CD68","CD8_T","0.586","0.375","0.292","0.799","0.915","0.058","0.762","0.352","0.011","-0.004","0.011","0.008","-0.002","0.009"
"CD68","cDC1","0.89","0.695","0.635","0.246","1","0.027","0.257","0.914","-0.142","0.067","-0.121","0.104","0.034","0.028"
"CD68","cDC2","0.478","0.557","0.721","0.328","0.038","0.082","0.476","0.352","0.035","-0.045","0.017","-0.039","-0.028","-0.003"
"CD68","DNT","0.615","0.301","0.777","0.441","0.905","0.191","0.556","0.286","-0.02","0.005","0.001","-0.01","0.016","0.002"
"CD68","DPT","0.611","0.375","0.051","0.506","0.762","0.048","0.762","0.914","-0.033","0.016","-0.062","0.009","-0.038","-0.001"
"CD68","GMDSC","0.978","0.131","0.441","0.1","0.257","0.31","0.905","0.762","0.028","-0.189","0.031","-0.065","0.025","0.128"
"CD68","MMDSC_I","0.464","0.57","0.673","0.395","0.914","0.743","0.914","0.111","0.049","0.003","0.001","0.007","-0.033","0.043"
"CD68","MMDSC_II","0.068","0.232","0.606","0.533","0.61","0.524","0.486","0.476","-0.167","-0.069","0.296","0.124","0.521","0.12"
"CD68","MMDSC_III","0.243","0.232","0.799","0.493","0.762","0.959","0.476","0.61","-0.033","-0.075","0.095","0.053","0.133","0.065"
"CD68","Mono_I","0.712","0.232","0.574","0.195","0.762","0.646","0.61","0.61","0.024","-0.013","-0.059","-0.054","-0.073","-0.007"
"CD68","Mono_II","0.706","0.625","0.51","0.442","0.762","0.583","0.476","0.476","0.089","-0.029","-0.002","0.01","-0.102","0.023"
"CD68","Mono_III","0.487","0.625","0.574","0.959","0.914","0.879","1","0.352","0.03","-0.004","0.006","-0.002","-0.002","0.02"
"CD68","Neu","0.705","0.922","1","0.574","0.762","0.398","1","0.171","0.005","-0.009","-0.008","-0.005","-0.013","0.009"
"CD68","NK_like","0.587","1","0.492","0.916","0.831","0.799","0.61","0.392","0.003","0","-0.001","0.006","-0.003","0.003"
"CD68","pDC","0.145","0.024","0.429","1","0.352","0.279","0.067","0.352","-0.019","0.073","0","0.189","0.043","0.142"
"CD68","UA","0.963","0.625","0.442","0.959","0.762","0.959","0.171","0.762","0.026","-0.067","0.059","-0.153","0.039","-0.1"
"CD8","B","0.89","0.557","0.187","0.328","0.476","0.383","0.257","0.476","0.158","-0.002","0.267","0.073","0.062","0.061"
"CD8","Baso","0.678","0.77","0.383","0.506","0.61","0.721","0.067","0.352","0.175","-0.023","0.317","0.018","0.063","-0.002"
"CD8","CD4_T","0.712","0.919","0.383","0.442","0.762","0.799","0.762","0.392","0.073","0.028","0.178","0.027","0.074","0.024"
"CD8","CD8_T","0.927","0.037","0.187","0.799","0.61","0.442","0.762","0.61","-0.107","0.081","-0.172","-0.114","-0.071","-0.212"
"CD8","cDC1","1","0.557","0.16","0.328","0.257","0.004","0.61","0.067","0.528","-0.149","0.287","-0.004","-0.387","0.097"
"CD8","cDC2","0.548","0.906","0.328","0.246","0.476","0.879","0.476","0.762","0.157","-0.028","0.238","0.028","0.009","0.056"
"CD8","DNT","0.004","0.652","0.827","0.827","0.905","0.913","1","0.413","0.209","0.163","0.167","0.046","-0.146","-0.032"
"CD8","DPT","0.207","0.432","0.574","0.195","1","0.442","0.476","0.038","0.238","0.05","-0.131","0.124","-0.41","0.038"
"CD8","GMDSC","0.804","1","0.661","0.661","0.476","0.953","0.413","0.257","0.166","0.048","0.178","0.039","-0.069","0.086"
"CD8","MMDSC_I","0.274","0.301","0.442","0.913","0.762","0.661","0.914","0.905","0.268","0.048","0.298","0.06","-0.059","-0.04"
"CD8","MMDSC_II","0.108","0.922","0.298","0.267","0.476","0.143","0.686","0.171","0.505","0.008","0.196","0.097","-0.445","0.129"
"CD8","MMDSC_III","0.431","0.193","0.328","0.442","0.476","0.574","0.762","0.257","0.115","-0.009","0.22","0.09","0.073","0.041"
"CD8","Mono_I","0.644","0.695","0.799","0.879","0.114","0.959","0.257","0.914","0.07","0.089","0.002","0.288","-0.124","0.012"
"CD8","Mono_II","0.562","0.846","0.827","0.799","1","0.583","0.61","0.476","0.182","-0.063","-0.084","-0.068","-0.331","-0.047"
"CD8","Mono_III","0.927","0.432","0.442","0.721","0.61","0.879","0.61","0.61","0.206","-0.008","0.268","0","-0.017","-0.023"
"CD8","Neu","0.136","0.475","0.959","0.959","1","1","0.914","0.521","0.134","0.151","0.235","0.091","0.096","-0.077"
"CD8","NK_like","0.554","0.77","0.879","0.879","0.762","0.328","0.476","0.61","0.15","0.022","0.183","0.016","-0.031","0.025"
"CD8","pDC","0.611","0.77","0.646","0.721","0.61","0.328","0.914","0.476","0.096","-0.051","0.134","0","-0.042","0.053"
"CD8","UA","0.963","0.432","0.234","0.574","0.762","0.279","0.171","0.171","0.204","-0.097","0.313","-0.148","0.038","-0.091"
"CD80","B","0.366","0.695","0.562","0.195","0.914","0.014","0.914","0.038","0.043","-0.002","0.019","0.034","-0.023","0.013"
"CD80","Baso","0.356","0.284","0.46","0.246","0.61","0.721","0.171","0.257","-0.013","-0.013","-0.064","-0.012","-0.051","0.001"
"CD80","CD4_T","1","0.037","0.328","0.234","0.067","0.635","1","0.914","-0.01","-0.001","-0.035","-0.016","-0.024","-0.021"
"CD80","CD8_T","0.758","0.878","0.195","0.712","0.114","0.442","0.352","0.134","0.006","-0.004","-0.002","0.005","-0.009","0.008"
"CD80","cDC1","0.12","0.846","1","0.879","0.087","0.879","0.171","0.171","-0.03","-0.008","-0.072","-0.005","-0.052","0.017"
"CD80","cDC2","0.485","0.375","0.752","0.234","0.336","0.574","0.61","0.762","0.002","-0.032","-0.019","0.004","-0.025","-0.004"
"CD80","DNT","0.698","0.594","0.173","0.865","0.11","0.395","0.219","0.73","0.019","-0.011","-0.001","0.011","-0.015","-0.005"
"CD80","DPT","0.098","0.77","0.316","0.712","0.476","0.013","0.171","0.61","-0.071","-0.005","-0.085","-0.012","-0.016","-0.002"
"CD80","GMDSC","0.02","0.683","0.743","0.583","0.521","0.859","0.73","0.285","-0.081","-0.15","-0.076","-0.122","0.015","0.118"
"CD80","MMDSC_I","0.326","0.678","0.46","0.913","1","0.377","1","0.905","0","-0.049","0","-0.01","-0.007","-0.001"
"CD80","MMDSC_II","0.685","0.922","0.364","0.661","0.476","0.833","0.886","1","0.018","0.061","-0.105","-0.058","-0.124","0.012"
"CD80","MMDSC_III","0.723","0.919","0.493","0.279","0.762","0.328","0.476","0.914","0.025","0.005","0.023","0","-0.006","0.002"
"CD80","Mono_I","0.619","0.375","1","0.879","1","0.799","0.352","1","0.002","-0.007","-0.009","0.028","-0.017","-0.018"
"CD80","Mono_II","0.144","0.959","0.009","0.598","0.352","0.019","0.038","0.352","-0.214","0.006","-0.168","0.047","0.092","-0.036"
"CD80","Mono_III","0.962","0.322","0.562","0.598","0.454","0.916","0.914","0.914","-0.001","-0.011","-0.012","-0.011","-0.013","-0.013"
"CD80","Neu","0.142","0.695","0.752","0.234","0.24","1","1","0.762","-0.042","-0.019","-0.042","-0.036","0.003","-0.01"
"CD80","NK_like","0.587","0.374","0.37","0.598","0.257","0.874","0.171","0.067","0","-0.008","-0.005","0.006","-0.003","0.006"
"CD80","pDC","0.698","0.846","0.187","0.048","0.521","0.316","0.01","0.01","0.004","-0.01","-0.045","0.035","-0.049","0.03"
"CD80","UA","0.517","0.492","0.506","1","0.762","0.799","0.476","0.762","-0.048","-0.204","-0.102","-0.179","-0.052","-0.06"
"CD86","B","0.201","0.333","0.799","0.635","1","0.342","0.61","0.61","0.055","0.015","0.068","0.098","0.005","0.028"
"CD86","Baso","0.492","0.193","0.506","0.13","0.762","0.442","0.352","0.038","0.087","-0.002","-0.129","0.048","-0.237","0.027"
"CD86","CD4_T","0.162","0.232","1","0.799","0.61","0.268","0.914","0.61","0.035","0.001","0.046","0.047","0.003","0.042"
"CD86","CD8_T","0.687","0.625","0.048","0.051","0.476","0.879","0.914","0.61","-0.007","0.041","-0.039","0.008","-0.049","-0.036"
"CD86","cDC1","0.712","0.922","0.721","0.799","0.914","0.506","0.762","0.762","-0.012","-0.006","-0.255","0.082","-0.217","-0.005"
"CD86","cDC2","0.906","0.193","0.879","0.442","0.171","0.799","0.914","0.914","0.038","-0.208","-0.028","-0.214","-0.07","-0.209"
"CD86","DNT","0.348","0.91","0.377","0.221","0.19","0.913","0.111","0.016","0.018","0.006","-0.062","0.014","-0.062","0.021"
"CD86","DPT","1","0.77","0.506","0.646","0.61","0.574","0.61","0.257","-0.009","0.06","-0.02","0.122","-0.03","0.073"
"CD86","GMDSC","0.135","0.492","0.661","0.661","0.61","0.768","1","0.61","-0.047","0.158","-0.064","0.097","0.024","-0.294"
"CD86","MMDSC_I","0.9","0.301","1","1","0.914","0.913","0.61","0.905","0.005","-0.013","-0.111","0.045","-0.135","-0.123"
"CD86","MMDSC_II","0.273","0.695","0.797","0.743","0.257","0.354","0.686","0.476","-0.101","0.271","0.042","-0.125","0.23","-0.059"
"CD86","MMDSC_III","0.109","0.432","0.646","0.574","0.257","0.959","0.61","0.257","0.23","0.273","0.26","0.136","0.071","-0.324"
"CD86","Mono_I","0.963","1","0.959","0.279","0.762","0.721","0.914","0.914","0.099","-0.028","-0.151","0.126","-0.334","-0.033"
"CD86","Mono_II","0.375","0.375","0.913","0.799","0.914","0.913","0.61","0.914","-0.195","-0.052","-0.436","-0.284","-0.188","-0.326"
"CD86","Mono_III","0.963","0.322","0.574","0.37","0.476","0.721","0.914","0.914","-0.012","0.023","-0.106","-0.039","-0.119","-0.178"
"CD86","Neu","0.938","1","0.195","0.879","0.914","0.104","0.669","0.257","0.089","-0.021","0.051","0.123","-0.057","0.117"
"CD86","NK_like","0.366","0.322","0.879","0.598","0.61","0.16","0.257","0.01","0.02","-0.018","0.011","0.071","-0.016","0.065"
"CD86","pDC","0.818","0.695","0.506","0.799","0.352","0.721","0.914","0.762","-0.045","0.008","-0.048","-0.067","-0.012","-0.11"
"CD86","UA","0.517","0.492","0.383","0.879","0.762","0.799","0.352","0.61","0.003","-0.201","-0.025","-0.162","-0.027","-0.108"
"CKIT","B","0.066","1","0.597","0.268","0.593","0.073","0.914","0.914","0.014","0.001","0.013","0.007","-0.003","0.002"
"CKIT","Baso","0.818","0.922","0.958","0.959","0.762","0.959","1","0.914","0","0.008","0.054","0.016","0.052","-0.001"
"CKIT","CD4_T","0.887","0.678","0.113","0.316","0.593","0.315","1","0.914","-0.002","0.001","-0.005","0.001","-0.004","0"
"CKIT","CD8_T","0.687","0.475","0.101","0.113","0.61","0.712","0.914","0.915","-0.002","0.003","-0.006","0","-0.006","-0.003"
"CKIT","cDC1","0.507","0.922","0.959","0.268","0.257","0.291","0.762","0.762","0.013","-0.001","0.384","-0.003","0.369","-0.011"
"CKIT","cDC2","0.356","0.625","0.428","0.37","0.476","0.646","0.762","0.61","0.015","0.005","0.127","-0.005","0.104","-0.009"
"CKIT","DNT","0.856","0.813","0.281","0.036","0.73","0.865","0.219","0.176","0.002","-0.01","-0.009","0.016","-0.013","0.011"
"CKIT","DPT","0.115","0.625","0.154","0.429","0.762","0.442","0.24","0.61","-0.023","-0.014","-0.071","-0.004","-0.05","0.001"
"CKIT","GMDSC","0.842","0.76","0.496","0.65","0.285","0.624","0.73","0.669","0.011","0.006","0","0.033","0.003","0.022"
"CKIT","MMDSC_I","1","0.044","0.574","0.32","0.593","0.734","0.476","1","0.012","-0.002","-0.018","-0.044","-0.044","-0.034"
"CKIT","MMDSC_II","0.108","0.014","0.35","0.09","0.914","0.558","1","1","0.02","0.037","-0.101","-0.035","-0.093","-0.099"
"CKIT","MMDSC_III","0.201","0.722","0.342","0.195","1","0.916","0.61","0.171","0.009","0.007","0.005","0.033","-0.006","0.022"
"CKIT","Mono_I","0.256","0.01","0.342","0.13","0.762","0.114","0.914","0.352","0.029","0.001","-0.054","-0.001","-0.088","-0.025"
"CKIT","Mono_II","0.034","1","1","0.369","0.476","0.32","0.257","0.669","0.092","-0.11","0.099","-0.132","-0.021","-0.004"
"CKIT","Mono_III","0.431","0.064","0.291","0.126","0.61","0.799","0.762","0.914","0.025","0.008","-0.003","-0.017","-0.043","-0.028"
"CKIT","Neu","1","0.557","0.292","0.562","0.476","1","1","0.762","-0.001","0.001","0","0.001","0","-0.001"
"CKIT","NK_like","0.66","0.476","0.267","0.46","0.163","0.187","0.392","0.914","-0.003","0.001","-0.005","0","-0.002","-0.001"
"CKIT","pDC","0.068","0.554","0.018","0.018","0.155","0.635","1","0.352","0.005","0","0.004","0.002","-0.003","0.009"
"CKIT","UA","1","0.232","0.46","0.799","0.748","0.527","0.762","0.914","0.011","-0.067","-0.012","-0.032","-0.035","-0.027"
"CLEC9A","B","0.723","0.131","0.562","0.234","0.114","0.442","1","0.914","0.017","0.007","0.098","0.082","0.092","0.053"
"CLEC9A","Baso","0.344","0.557","0.316","0.574","0.61","0.114","0.914","0.762","0.039","-0.028","0.048","0.03","-0.004","0.015"
"CLEC9A","CD4_T","0.459","0.432","0.442","0.574","0.762","0.279","0.915","0.171","0.098","-0.013","0.006","0.052","-0.1","0.031"
"CLEC9A","CD8_T","0.579","0.646","0.234","0.721","1","0.383","0.762","0.257","0.054","-0.02","0.033","0.048","-0.028","0.05"
"CLEC9A","cDC1","0.329","0.432","0.506","0.234","0.915","0.721","0.914","0.257","-0.067","-0.026","0.189","0.076","0.323","0.226"
"CLEC9A","cDC2","0.449","0.846","0.506","0.037","0.61","0.013","0.257","0.019","0.118","-0.026","0","0.06","-0.14","0.048"
"CLEC9A","DNT","0.404","0.098","0.777","0.377","0.413","0.441","0.556","0.413","-0.135","-0.019","-0.031","0.028","0.143","0.03"
"CLEC9A","DPT","0.177","0.492","0.879","0.646","0.352","0.574","0.352","0.257","0.092","0.036","-0.131","0.1","-0.27","0.061"
"CLEC9A","GMDSC","0.524","0.846","0.661","0.038","0.914","0.013","0.905","0.067","0.418","-0.137","0.137","0.091","-0.301","0.25"
"CLEC9A","MMDSC_I","0.623","0.652","0.879","0.145","0.171","0.061","0.914","0.032","0.154","-0.096","0.082","0.104","-0.099","0.138"
"CLEC9A","MMDSC_II","0.735","0.557","0.147","0.089","1","0.833","0.114","0.171","-0.072","-0.008","-0.287","0.193","-0.182","0.226"
"CLEC9A","MMDSC_III","0.459","0.636","0.246","0.065","0.476","0.646","0.114","0.257","-0.009","-0.047","-0.114","0.052","-0.109","0.098"
"CLEC9A","Mono_I","0.611","0.475","0.234","0.009","0.038","0.646","0.914","0.748","0.051","-0.097","0.155","-0.003","0.222","0.013"
"CLEC9A","Mono_II","0.782","0.492","0.377","0.712","0.01","0.51","0.476","0.61","-0.133","-0.001","0.245","0.026","0.405","-0.041"
"CLEC9A","Mono_III","0.353","0.375","0.799","0.328","0.114","0.104","0.61","0.171","0.079","-0.052","0.015","0.081","-0.061","0.091"
"CLEC9A","Neu","0.579","1","0.562","0.104","0.257","0.879","0.61","0.257","0.074","-0.053","0.033","0.025","-0.05","0.052"
"CLEC9A","NK_like","0.963","0.041","0.959","0.916","1","0.879","0.593","0.235","0.001","-0.051","-0.014","0.035","-0.002","0.047"
"CLEC9A","pDC","0.927","0.044","0.646","0.234","0.352","0.646","0.914","0.352","0.034","-0.057","0.06","0.22","0.069","0.282"
"CLEC9A","UA","0.74","0.322","0.721","0.879","0.914","0.635","0.257","0.762","0.085","-0.182","0.103","-0.163","-0.008","-0.109"
"CXCR2","B","0.435","0.492","0.37","0.574","0.61","0.234","0.257","0.352","0.083","-0.019","0.144","0.058","0.038","0.06"
"CXCR2","Baso","0.517","0.846","0.383","0.646","1","0.879","0.61","0.914","0.1","-0.008","0.152","0.13","-0.007","0.086"
"CXCR2","CD4_T","0.616","0.492","0.442","0.958","0.61","0.369","1","0.762","0.083","-0.014","0.098","0.086","-0.015","0.084"
"CXCR2","CD8_T","0.981","0.683","0.506","1","0.762","0.102","1","0.669","0.089","-0.011","0.11","0.114","-0.014","0.101"
"CXCR2","cDC1","0.927","0.922","0.279","0.959","0.61","0.004","0.762","0.038","0.132","-0.064","0.007","0.124","-0.148","0.109"
"CXCR2","cDC2","1","0.77","0.442","0.574","0.762","0.574","0.61","0.476","0.11","0.04","0.162","0.048","-0.008","0.084"
"CXCR2","DNT","0.065","0.301","0.364","0.221","0.905","1","0.73","0.032","-0.1","-0.135","0.031","-0.022","0.152","-0.013"
"CXCR2","DPT","0.201","1","0.959","0.959","0.61","0.712","0.914","1","-0.153","-0.177","0.067","-0.204","0.322","-0.042"
"CXCR2","GMDSC","0.33","0.275","0.661","0.583","0.914","0.953","1","0.352","0.111","0.048","0.251","0.172","0.047","0.326"
"CXCR2","MMDSC_I","0.86","0.734","0.506","0.913","0.476","0.661","0.61","0.413","0.149","0.101","0.198","0.116","-0.014","0.102"
"CXCR2","MMDSC_II","0.146","0.432","0.898","0.51","0.476","0.222","1","0.257","0.173","0.045","-0.043","-0.093","-0.215","0.049"
"CXCR2","MMDSC_III","0.579","0.432","0.383","0.574","0.914","0.879","1","0.762","0.072","-0.022","0.105","0.145","0.007","0.051"
"CXCR2","Mono_I","0.431","0.322","0.916","1","0.476","0.879","0.352","0.171","0.044","0.044","0.017","0.156","-0.057","0.044"
"CXCR2","Mono_II","0.776","0.193","0.913","0.234","0.067","0.047","0.038","0.476","0.218","-0.088","0.209","-0.347","-0.055","-0.194"
"CXCR2","Mono_III","0.89","0.922","0.574","0.721","0.762","0.799","0.61","0.476","0.1","0.009","0.12","0.104","-0.025","0.062"
"CXCR2","Neu","0.918","0.919","0.383","0.959","0.476","0.279","0.762","0.915","0.121","-0.021","0.153","0.086","0","0.056"
"CXCR2","NK_like","0.723","0.813","0.598","1","0.914","0.328","0.61","0.352","0.08","-0.024","0.085","0.07","-0.023","0.068"
"CXCR2","pDC","0.459","0.275","0.799","0.646","0.762","1","0.476","0.914","0.008","-0.02","0.07","0.085","0.018","0.082"
"CXCR2","UA","0.89","0.432","0.506","0.959","0.914","0.328","0.067","0.352","0.141","-0.125","0.213","-0.029","0.01","0.032"
"CXCR4","B","0.927","0.375","0.879","0.279","0.038","0.574","0.257","0.762","0.155","-0.047","0.297","-0.234","0.043","-0.14"
"CXCR4","Baso","0.517","0.557","0.959","0.279","0.171","0.13","0.914","0.257","0.328","-0.1","0.498","0.11","0.104","0.087"
"CXCR4","CD4_T","0.145","1","0.799","0.506","0.914","0.234","1","0.476","0.307","0.011","0.402","0.119","0.036","0.109"
"CXCR4","CD8_T","0.517","0.77","0.646","0.879","1","0.442","1","0.914","0.146","-0.003","0.42","0.11","0.215","0.14"
"CXCR4","cDC1","0.818","0.557","0.799","0.574","0.171","0.799","0.914","0.762","-0.018","-0.038","0.3","0.115","0.235","0.075"
"CXCR4","cDC2","0.284","1","0.799","0.574","0.352","0.195","0.476","0.914","0.154","-0.214","0.697","-0.082","0.478","0.111"
"CXCR4","DNT","0.98","0.652","0.661","0.377","0.73","0.221","0.73","0.556","0.403","-0.123","0.546","0.464","0.027","0.443"
"CXCR4","DPT","0.431","0.695","0.959","0.646","0.476","0.799","1","0.914","0.152","0.052","0.17","0.172","-0.046","0.117"
"CXCR4","GMDSC","0.277","0.846","0.913","0.441","1","0.31","1","0.61","0.033","-0.156","0.154","-0.042","0.065","0.101"
"CXCR4","MMDSC_I","0.495","0.203","0.383","0.734","0.476","0.51","0.476","1","0.039","-0.163","0.323","0.055","0.235","0.226"
"CXCR4","MMDSC_II","0.273","0.557","0.518","0.51","0.038","0.833","0.343","0.114","-0.009","-0.186","0.636","-0.003","0.585","-0.096"
"CXCR4","MMDSC_III","0.185","0.492","0.879","0.799","0.038","0.792","0.352","0.476","-0.142","-0.147","0.607","-0.021","0.688","0.093"
"CXCR4","Mono_I","0.459","0.695","0.879","0.234","0.067","0.279","0.762","0.914","0.073","-0.121","0.278","0.101","0.114","0.117"
"CXCR4","Mono_II","0.144","0.846","0.827","0.234","0.593","0.377","0.762","0.171","-0.315","0.004","0.014","-0.083","0.368","-0.087"
"CXCR4","Mono_III","0.12","1","0.646","0.799","0.171","0.195","0.476","0.762","0.094","-0.132","0.304","-0.025","0.139","0.117"
"CXCR4","Neu","0.579","0.695","0.646","0.195","1","1","0.762","0.352","0.07","0.008","0.409","0.089","0.314","0.102"
"CXCR4","NK_like","0.981","0.695","0.879","0.646","0.762","0.195","0.914","0.257","0.117","-0.063","0.44","0.146","0.297","0.184"
"CXCR4","pDC","0.011","0.322","0.799","0.646","0.352","0.598","0.914","0.762","-0.07","-0.13","0.232","0.044","0.248","0.19"
"CXCR4","UA","0.89","0.813","0.328","0.959","0.762","0.383","0.114","0.171","0.109","-0.198","0.33","-0.159","0.175","-0.048"
"FCERI","B","0.156","0.444","0.506","0.879","0.762","0.073","0.476","0.914","0.027","0.001","0.031","0.011","-0.002","0.002"
"FCERI","Baso","0.378","0.557","0.279","0.721","0.61","0.13","1","0.257","-0.548","0.038","0.121","0.079","0.635","-0.037"
"FCERI","CD4_T","0.979","0.432","0.874","1","0.762","0.958","0.352","0.257","0.011","-0.001","0.011","0.019","-0.005","0.017"
"FCERI","CD8_T","0.95","0.332","0.958","0.959","1","0.492","0.762","1","0.011","-0.002","0.01","0.021","-0.007","0.016"
"FCERI","cDC1","0.019","0.695","0.646","0.752","0.257","0.574","0.476","0.352","-0.108","-0.136","-0.219","-0.202","-0.094","0.046"
"FCERI","cDC2","0.045","0.002","0.721","0.799","0.352","0.799","1","0.61","-0.253","-0.12","-0.477","-0.421","-0.272","-0.315"
"FCERI","DNT","0.339","1","0.692","0.335","0.73","0.583","0.623","0.73","0.049","-0.001","0.036","0.021","-0.022","0.019"
"FCERI","DPT","0.407","0.838","0.328","0.874","0.669","0.014","0.61","0.521","-0.078","0.013","-0.071","-0.028","0.002","-0.014"
"FCERI","GMDSC","0.599","0.322","0.395","1","0.257","0.254","0.905","0.067","0.057","-0.07","0.031","-0.079","-0.018","0.071"
"FCERI","MMDSC_I","0.266","0.074","0.799","0.913","0.61","0.427","0.476","0.556","0.002","-0.076","-0.052","-0.13","-0.078","-0.064"
"FCERI","MMDSC_II","0.946","0.084","1","0.661","0.915","0.435","0.886","0.762","0.041","-0.038","-0.077","-0.064","-0.121","-0.075"
"FCERI","MMDSC_III","0.32","0.275","0.506","0.646","0.914","0.562","0.476","0.61","0.034","-0.029","0.012","-0.103","-0.034","-0.004"
"FCERI","Mono_I","0.459","0.01","0.506","0.879","1","0.646","0.352","0.171","-0.004","0.055","-0.197","-0.029","-0.215","-0.079"
"FCERI","Mono_II","0.9","0.846","0.038","0.562","0.61","1","0.476","0.61","0.009","0.031","-0.281","0.428","-0.307","0.371"
"FCERI","Mono_III","0.854","0.064","0.721","0.879","0.914","0.646","0.61","0.914","0.035","-0.019","-0.022","-0.129","-0.084","-0.077"
"FCERI","Neu","0.366","0.475","0.752","0.959","0.914","0.721","0.762","0.831","0.015","0.012","0.016","0.019","-0.004","0.001"
"FCERI","NK_like","0.058","0.677","0.752","1","0.762","0.598","1","0.831","0.008","-0.003","0.013","0.007","0.001","0.01"
"FCERI","pDC","0.747","0.492","0.506","1","0.914","0.279","0.114","0.762","0","0.011","0","0.028","-0.008","0.02"
"FCERI","UA","0.758","0.153","0.328","0.959","0.762","0.383","0.257","0.521","0.04","-0.148","0.002","-0.135","-0.077","-0.042"
"HLADR","B","0.459","0.064","0.959","0.442","0.61","0.328","0.476","0.762","0.055","-0.102","-0.103","-0.204","-0.197","-0.175"
"HLADR","Baso","0.027","0.16","0.635","0.328","0.914","0.328","0.914","0.352","0.076","-0.457","-0.934","-0.54","-1.057","-0.166"
"HLADR","CD4_T","0.005","0.01","0.799","0.574","0.476","0.104","0.352","1","0.23","0.072","0.611","0.339","0.338","0.296"
"HLADR","CD8_T","0","0.02","0.879","0.799","0.762","0.027","0.352","0.476","0.406","0.142","0.589","0.389","0.12","0.228"
"HLADR","cDC1","0.098","0.813","0.959","0.562","0.257","1","0.114","0.067","-0.15","-0.13","0.134","-0.245","0.411","-0.119"
"HLADR","cDC2","0.227","0.002","0.234","0.187","0.067","0.16","0.067","0.914","0.086","-0.122","-0.085","-0.359","-0.221","-0.247"
"HLADR","DNT","0","0.203","1","0.661","0.905","1","0.905","0.556","0.405","0.224","0.119","0.115","-0.39","-0.068"
"HLADR","DPT","0.098","0.557","0.574","0.442","0.476","0.328","0.762","0.914","0.354","0.144","0.353","0.244","-0.128","0.133"
"HLADR","GMDSC","0.639","0.557","0.913","0.743","0.352","0.953","0.905","0.914","-0.009","0.121","-0.016","-0.154","0.091","0.089"
"HLADR","MMDSC_I","0.025","0.734","0.721","0.743","0.476","0.661","0.914","0.73","0.225","0.142","0.078","-0.025","-0.126","-0.033"
"HLADR","MMDSC_II","0.008","0.625","0.606","1","0.914","0.943","0.686","0.476","-0.21","-0.315","-0.279","-0.094","-0.035","0.171"
"HLADR","MMDSC_III","0.132","0.695","0.879","0.383","0.61","0.279","0.762","0.61","0.001","-0.145","-0.108","-0.145","-0.105","0.037"
"HLADR","Mono_I","0.963","0.77","0.383","0.104","0.01","0.279","0.61","0.914","0.14","-0.082","0.079","-0.137","-0.037","-0.072"
"HLADR","Mono_II","0.13","0.77","0.743","0.712","0.762","0.661","0.762","1","0.204","0.158","0.127","0.04","-0.024","0.031"
"HLADR","Mono_III","0.023","0.695","0.646","0.506","0.61","0.16","0.762","0.914","0.308","0.102","0.166","0.049","-0.127","-0.024"
"HLADR","Neu","0.064","0.01","0.799","1","1","0.328","1","0.61","0.185","0.05","0.348","0.291","0.131","0.2"
"HLADR","NK_like","0.003","0.002","0.721","0.959","0.914","0.879","0.61","0.352","0.105","0.054","0.214","0.278","0.097","0.233"
"HLADR","pDC","0.263","0.625","0.959","0.721","0.61","0.879","0.171","0.171","0.052","0.025","-0.203","0.055","-0.214","0.037"
"HLADR","UA","0.329","0.625","0.442","1","0.914","0.328","0.171","0.476","0.262","-0.089","0.316","-0.249","0.014","-0.218"
"PDL1","B","0.098","0.275","0.597","0.154","0.352","0.721","1","0.352","0.018","0.018","0.084","0.049","0.064","0.018"
"PDL1","Baso","0.171","0.541","0.383","0.874","0.067","0.799","0.476","0.521","0.06","0.026","0.194","0.04","0.115","0.008"
"PDL1","CD4_T","0.042","1","0.383","0.104","0.476","0.154","0.762","0.019","0.064","0.006","0.029","0.03","-0.048","0.015"
"PDL1","CD8_T","0.004","0.722","0.429","0.154","0.352","0.102","0.914","0.038","0.055","0.009","0.023","0.025","-0.043","0.016"
"PDL1","cDC1","0.17","0.241","0.328","0.019","0.476","0.154","0.762","0.61","0.204","0.057","-0.046","0.08","-0.309","-0.021"
"PDL1","cDC2","0.033","0.575","0.399","0.195","0.257","0.399","1","0.257","0.074","0.022","0.032","0.031","-0.062","0.009"
"PDL1","DNT","0.562","0.236","0.267","0.115","0.73","0.583","0.905","0.176","0.097","-0.034","-0.03","0","-0.174","-0.008"
"PDL1","DPT","0.492","0.695","0.13","0.267","0.171","0.195","0.257","0.352","-0.002","0.045","-0.072","0.048","-0.083","0.017"
"PDL1","GMDSC","0.89","0.375","0.221","0.09","0.61","0.859","0.286","0.114","0.065","0.005","-0.012","-0.1","-0.11","0.03"
"PDL1","MMDSC_I","0.562","0.734","0.328","0.141","0.476","0.441","0.762","0.286","0.064","-0.01","0.003","0.03","-0.066","0.019"
"PDL1","MMDSC_II","0.507","0.049","0.898","0.32","0.067","0.171","0.2","0.476","0.013","-0.042","0.302","0.044","0.298","0.075"
"PDL1","MMDSC_III","0.653","0.557","0.328","0.342","0.067","0.879","0.171","0.352","0","0.014","0.111","-0.014","0.107","-0.021"
"PDL1","Mono_I","0.031","0.193","0.279","0.082","0.476","1","0.454","0.61","0.088","0.049","-0.045","0.063","-0.16","-0.019"
"PDL1","Mono_II","0.9","0.105","0.145","0.799","0.114","0.267","0.61","0.352","-0.136","0.016","0.021","0.097","0.19","0.059"
"PDL1","Mono_III","0.08","0.492","0.292","0.225","0.61","0.506","0.669","0.257","0.066","0.011","0.02","0.035","-0.06","0.014"
"PDL1","Neu","0.687","0.846","0.154","0.065","0.352","0.721","0.914","0.914","0.034","0.014","0.031","0.014","-0.012","0.004"
"PDL1","NK_like","0.028","0.695","0.234","0.064","0.257","0.16","0.914","0.171","0.046","0.006","0.014","0.019","-0.041","0.011"
"PDL1","pDC","0.309","0.695","0.16","0.082","0.61","0.328","0.762","0.914","0.051","0.007","0.009","0.015","-0.064","0.02"
"PDL1","UA","0.611","0.492","0.574","0.574","0.914","0.506","0.171","0.61","0.088","-0.058","0.133","-0.094","0.009","-0.077"
"PDL2","B","0.492","0.375","1","0.833","0.914","0.799","0.914","0.914","0.059","-0.048","0.089","0.107","0.072","0.072"
"PDL2","Baso","0.431","0.625","0.154","0.646","0.171","0.721","0.476","0.61","0.08","0.032","0.065","0.151","-0.023","0.081"
"PDL2","CD4_T","0.329","0.492","0.506","0.506","0.762","0.234","0.61","0.114","0.347","-0.003","0.006","0.201","-0.365","0.112"
"PDL2","CD8_T","0.712","0.906","0.279","0.879","0.257","0.721","0.762","0.114","0.152","-0.072","0.086","0.239","-0.081","0.258"
"PDL2","cDC1","0.548","0.557","0.574","0.721","0.171","1","0.914","0.914","-0.034","-0.032","-0.523","-0.157","-0.383","0.025"
"PDL2","cDC2","0.943","0.625","0.429","0.799","0.476","0.383","0.352","0.067","0.141","-0.067","0.006","0.243","-0.132","0.199"
"PDL2","DNT","1","0.027","0.221","0.583","0.413","0.583","0.413","0.73","0.087","-0.114","0.137","0.182","0.182","0.241"
"PDL2","DPT","0.159","0.275","0.574","1","0.914","0.879","0.762","0.476","0.302","0.073","0.041","0.204","-0.367","0.045"
"PDL2","GMDSC","0.755","0.322","0.743","0.267","0.476","0.178","0.905","0.352","0.439","-0.15","0.208","0.181","-0.087","0.296"
"PDL2","MMDSC_I","0.706","0.164","0.234","0.661","0.476","0.583","0.914","0.413","0.003","-0.111","0.043","0.115","0.105","0.3"
"PDL2","MMDSC_II","0.305","0.432","0.699","1","0.171","0.943","0.114","0.171","0.096","0.093","-0.003","0.513","-0.026","0.155"
"PDL2","MMDSC_III","0.045","0.037","0.635","0.195","0.914","0.879","0.762","0.352","0.145","0.086","0.27","0.274","0.144","0.18"
"PDL2","Mono_I","0.193","0.432","0.879","1","0.038","0.279","0.352","0.352","0.112","0.03","-0.228","0.108","-0.365","0.003"
"PDL2","Mono_II","0.86","0.131","0.18","0.383","0.61","0.18","0.476","0.762","-0.181","0.06","0.066","0.21","0.3","0.073"
"PDL2","Mono_III","0.927","0.375","0.646","0.879","0.257","0.959","0.762","0.61","-0.015","-0.127","-0.122","0.159","-0.004","0.261"
"PDL2","Neu","0.818","0.922","0.037","0.279","0.257","0.328","0.762","0.762","0.141","-0.112","0.108","-0.005","-0.037","0.038"
"PDL2","NK_like","0.517","0.193","0.799","0.799","0.352","0.799","0.476","0.352","0.093","-0.151","0.035","0.303","0.014","0.291"
"PDL2","pDC","0.712","0.049","0.799","0.442","0.476","0.442","0.762","0.171","0.359","-0.03","0.312","0.662","0.099","0.638"
"PDL2","UA","0.579","0.375","0.442","0.959","0.762","0.574","0.257","0.762","0.185","-0.284","0.153","-0.368","-0.062","-0.225"
